cap-shape,cap-surface,cap-color,bruises,odor,gill-attachment,gill-spacing,gill-size,gill-color,stalk-shape,stalk-root,stalk-surface-above-ring,stalk-surface-below-ring,stalk-color-above-ring,stalk-color-below-ring,veil-type,veil-color,ring-number,ring-type,spore-print-color,population,habitat,class
x,y,n,t,a,f,w,n,u,t,b,y,y,n,p,p,o,t,n,h,c,g,p
b,s,p,f,y,f,w,b,b,t,r,k,y,n,y,p,w,n,n,h,a,g,p
p,f,w,f,n,f,c,b,u,t,c,y,f,p,n,p,n,o,l,w,y,g,p
p,f,n,f,m,f,c,n,w,t,b,f,k,y,c,p,n,t,c,k,s,w,p
f,y,g,f,f,a,c,n,u,t,?,k,s,y,e,p,y,t,n,h,s,r,e
p,s,e,t,m,a,w,b,w,e,e,s,k,p,p,p,o,n,c,w,n,w,p
k,f,r,f,y,f,w,b,u,t,e,s,k,o,b,p,o,o,f,n,c,r,p
f,g,p,f,n,a,c,b,n,e,?,s,f,o,u,p,y,n,c,h,s,d,p
c,g,y,t,p,a,c,n,n,e,r,y,y,o,u,p,n,n,n,u,a,u,p
b,g,y,t,n,a,w,n,u,t,b,k,k,y,y,p,n,t,e,u,s,p,e
k,g,b,t,m,a,c,n,b,e,e,k,s,w,p,p,y,n,l,r,y,p,p
b,s,b,t,f,f,w,b,p,t,c,k,k,n,b,p,o,t,e,r,s,g,e
c,s,e,f,y,a,w,n,w,e,?,k,f,n,w,p,n,o,c,w,c,m,p
b,s,p,t,l,f,c,b,p,e,r,y,y,n,b,p,n,o,n,k,a,g,p
x,y,c,t,a,f,w,n,u,t,b,k,k,e,w,p,y,n,n,r,n,m,p
x,g,y,f,m,a,w,n,g,t,e,k,s,p,w,p,n,n,f,n,a,r,p
f,g,r,f,n,f,w,b,p,t,s,f,y,p,y,p,w,o,c,b,n,m,e
f,f,e,t,f,a,c,b,n,t,c,s,s,o,p,p,o,n,c,b,v,d,p
x,f,w,t,f,a,c,b,p,e,?,k,s,b,e,p,w,n,p,n,a,g,p
f,f,r,f,a,f,w,n,u,t,e,k,s,y,b,p,w,n,l,k,c,w,e
b,s,e,t,p,f,w,n,g,e,c,k,k,n,u,p,n,o,l,w,a,g,p
c,y,e,t,f,a,c,b,p,t,s,y,k,w,c,p,o,o,c,b,y,r,e
k,f,u,t,c,a,c,n,w,t,e,f,k,c,y,p,n,t,f,w,c,m,e
b,y,p,t,f,a,w,b,g,t,e,f,f,n,p,p,n,o,n,n,a,r,p
c,s,c,t,c,f,w,b,p,t,?,s,s,e,p,p,w,t,n,k,v,w,e
p,s,g,f,f,a,w,b,p,t,s,s,k,n,p,p,w,o,n,w,n,w,e
x,f,u,t,n,a,w,n,b,t,c,k,k,n,p,p,y,n,f,k,a,l,e
f,s,u,t,n,a,c,b,k,t,b,k,y,w,b,p,o,n,n,n,v,p,p
c,f,g,t,a,f,c,n,b,e,e,f,k,c,y,p,w,t,l,u,v,p,p
x,y,w,t,c,a,w,n,n,t,c,s,s,u,u,p,y,n,p,h,a,r,p
c,g,c,t,l,f,w,b,b,e,?,f,k,b,e,p,o,n,f,r,a,w,e
x,g,g,f,y,a,c,n,k,e,b,s,s,c,p,p,o,n,f,b,a,l,e
f,s,g,t,f,f,c,b,p,t,e,k,s,w,n,p,w,o,c,h,c,m,p
f,s,e,f,y,a,w,b,u,t,s,f,s,e,w,p,w,n,n,b,s,u,e
k,f,b,t,a,a,w,n,p,t,r,y,s,w,y,p,y,o,l,u,n,r,e
c,g,n,f,y,f,w,n,b,e,?,f,s,y,y,p,y,o,f,r,a,u,e
p,s,n,t,m,a,c,b,u,e,r,k,y,b,e,p,y,t,f,h,a,g,p
f,s,u,t,m,a,c,n,u,e,e,y,s,b,o,p,y,o,p,r,s,d,p
c,y,g,t,m,f,c,b,u,t,e,y,k,y,w,p,n,n,l,k,c,r,p
f,f,u,f,y,f,c,b,u,e,b,f,f,n,o,p,w,o,n,k,a,g,e
p,y,u,t,y,a,w,n,p,e,s,f,y,o,u,p,w,n,n,n,s,u,e
f,f,p,f,c,a,w,n,k,e,b,y,f,p,o,p,n,o,l,u,a,r,e
x,f,c,f,c,f,w,n,w,t,b,k,f,c,o,p,w,o,n,h,y,m,e
x,y,p,t,m,a,c,b,b,t,s,s,s,y,e,p,o,o,l,u,n,u,p
c,f,r,t,l,f,w,b,u,t,s,y,y,p,e,p,w,o,p,h,c,g,e
b,f,p,t,l,f,w,n,b,t,?,k,k,n,e,p,y,o,f,b,a,u,e
k,s,b,t,y,a,w,b,g,e,?,f,f,c,c,p,o,t,c,k,c,u,p
f,s,w,f,p,a,w,n,k,e,e,s,k,y,y,p,w,n,l,u,v,w,p
p,g,b,t,p,f,w,b,k,e,b,s,k,o,y,p,y,o,c,n,s,p,e
f,g,c,f,p,f,c,n,g,e,e,s,f,e,e,p,y,n,e,r,v,u,p
b,f,e,t,a,f,w,b,g,e,r,s,s,b,p,p,o,n,p,n,n,l,p
c,s,p,f,l,a,w,n,u,e,c,k,y,u,w,p,o,t,f,u,y,d,p
b,g,n,t,a,a,w,n,u,t,s,k,f,n,o,p,o,o,l,h,v,m,e
x,f,g,f,p,a,w,n,k,e,s,s,y,b,c,p,w,n,n,k,s,u,p
b,s,y,t,m,a,w,n,g,e,?,f,k,u,u,p,n,o,l,w,n,r,e
c,s,n,t,y,a,w,b,g,t,s,k,y,c,n,p,n,t,p,w,n,d,e
k,y,r,f,c,f,c,b,p,t,?,s,f,b,p,p,n,n,p,r,s,d,p
f,y,r,t,f,f,w,n,g,e,?,k,s,y,u,p,w,o,e,u,a,d,e
k,y,w,f,m,a,c,n,w,e,r,f,s,n,b,p,y,t,p,r,n,w,e
c,s,r,f,l,f,w,b,n,e,?,y,k,w,p,p,o,n,p,n,c,w,p
p,s,y,f,n,f,c,n,p,t,r,y,k,b,c,p,w,t,e,n,c,p,e
b,f,c,f,n,a,w,n,n,e,c,f,y,o,u,p,n,t,p,b,s,g,e
x,f,y,f,p,f,c,n,w,e,e,s,y,e,w,p,w,t,l,u,n,g,p
b,f,p,t,p,f,c,n,k,t,r,k,f,p,p,p,n,o,e,w,y,d,e
c,y,g,t,m,a,c,b,k,t,r,s,s,e,c,p,w,o,c,n,n,p,p
k,g,b,t,n,a,w,n,g,e,s,k,k,o,b,p,y,o,c,b,s,m,p
p,f,e,f,m,f,w,b,n,t,?,y,s,b,o,p,y,o,n,b,y,p,p
b,s,y,t,y,f,w,b,k,t,e,y,y,c,u,p,o,n,l,h,a,d,p
p,y,y,f,f,a,c,n,p,e,b,f,f,n,e,p,n,t,l,r,n,d,e
p,s,w,f,n,f,w,n,g,e,c,f,s,b,n,p,o,t,e,u,a,p,p
c,s,r,t,m,f,w,n,b,e,s,y,f,u,p,p,o,t,e,n,y,w,e
f,s,u,f,a,a,w,b,b,e,b,s,k,w,e,p,o,n,p,h,a,l,e
k,s,y,f,m,f,w,n,p,t,b,k,k,u,e,p,y,n,c,u,n,u,p
x,g,b,t,a,a,w,b,w,t,b,f,y,y,o,p,n,o,p,k,v,l,p
f,s,r,t,c,f,w,n,w,t,?,y,f,p,p,p,w,n,e,h,c,g,e
f,g,u,t,l,f,w,b,u,t,b,y,s,c,n,p,y,o,e,k,a,u,e
f,y,g,f,p,f,w,n,g,e,?,k,s,p,w,p,n,t,l,u,c,l,p
f,f,p,f,p,f,c,b,g,t,?,s,f,p,u,p,n,o,f,b,v,r,e
f,f,c,f,m,f,w,n,n,t,?,s,f,c,b,p,o,t,l,r,a,d,p
b,s,b,t,f,a,w,b,k,t,b,s,y,y,e,p,w,o,p,u,c,r,e
x,y,e,t,l,a,w,n,p,e,?,f,f,u,w,p,o,n,f,k,c,l,p
b,s,n,t,n,f,c,n,u,t,b,s,k,u,p,p,n,o,l,k,c,u,e
f,g,e,t,m,f,w,b,k,e,?,y,s,u,c,p,y,t,p,b,v,l,e
f,f,g,t,n,a,c,n,k,e,r,f,y,u,b,p,o,n,e,h,s,l,e
k,f,p,t,f,f,c,b,u,t,c,k,k,n,y,p,n,t,f,u,n,w,e
x,y,c,t,a,f,w,b,b,e,e,y,f,p,e,p,o,n,f,r,y,u,p
p,s,g,f,p,a,c,n,k,t,e,s,f,b,e,p,n,o,p,k,a,l,p
f,f,r,t,c,f,w,b,k,t,r,f,k,u,n,p,o,n,n,n,s,w,p
x,y,u,f,n,a,c,b,p,t,e,f,y,p,n,p,o,n,e,k,c,g,p
p,f,n,f,p,f,w,n,w,t,r,f,s,u,b,p,o,o,p,r,a,m,e
p,f,r,t,l,a,c,n,g,e,s,k,y,c,n,p,o,n,n,h,n,p,e
x,g,p,t,a,f,c,n,u,e,b,s,f,e,p,p,o,o,e,h,s,d,e
k,f,c,t,l,f,c,n,u,t,c,y,s,b,c,p,o,n,l,w,s,u,p
b,y,u,t,l,f,w,b,g,t,e,y,f,w,w,p,y,t,p,r,a,l,e
p,s,c,f,p,f,w,n,w,t,c,f,s,n,y,p,o,t,p,b,n,w,p
f,y,n,t,y,f,w,b,g,t,?,s,y,e,p,p,w,o,f,b,v,w,e
f,s,b,t,y,f,c,b,n,t,c,k,s,o,e,p,n,t,c,k,a,g,p
k,f,e,t,l,a,w,b,g,t,s,y,y,o,n,p,y,n,e,h,s,u,e
p,g,p,t,y,a,w,n,p,e,e,y,s,u,c,p,n,o,n,h,y,u,e
b,f,y,t,m,a,c,n,w,t,?,k,f,n,b,p,o,n,l,h,v,m,p
x,y,p,t,f,f,w,n,b,t,e,y,s,n,y,p,y,t,n,n,y,l,p
f,y,b,f,p,a,c,b,n,e,s,f,k,y,c,p,w,t,l,n,n,g,e
c,f,e,t,m,a,w,b,u,e,?,k,k,n,n,p,w,n,f,w,n,l,p
c,s,y,f,c,a,w,b,g,t,r,f,s,u,b,p,o,n,l,w,v,g,e
b,g,r,f,a,f,w,n,u,e,e,k,y,n,e,p,n,o,c,u,s,g,p
p,f,r,t,a,a,c,n,p,t,s,f,y,o,c,p,o,n,c,n,y,d,p
f,s,c,f,l,f,c,n,g,t,r,s,s,o,b,p,n,t,n,n,c,g,p
p,f,u,t,y,a,w,n,w,t,s,s,y,n,y,p,o,t,l,w,a,l,p
f,f,b,f,c,a,c,n,p,t,r,s,s,o,e,p,w,n,n,k,y,d,e
f,y,g,t,m,f,c,b,g,t,b,f,y,p,y,p,y,n,p,h,n,r,p
b,f,y,f,c,f,w,b,p,e,e,k,y,y,p,p,n,o,p,u,v,w,p
k,g,g,t,a,f,c,n,w,e,e,y,f,n,n,p,o,t,e,k,a,d,p
x,s,y,f,a,f,c,b,u,t,?,s,f,y,b,p,o,t,f,h,y,g,p
p,g,r,t,m,f,w,b,p,e,c,k,y,e,w,p,w,n,p,n,y,u,p
x,f,y,f,c,a,w,n,b,e,e,f,f,o,u,p,w,o,p,b,v,l,e
x,g,u,f,c,f,w,b,w,t,c,y,s,n,y,p,n,o,n,h,c,m,e
x,g,w,t,l,f,w,n,n,t,s,f,f,u,b,p,w,t,f,k,y,m,e
b,f,u,f,m,f,w,n,p,t,r,y,s,w,p,p,y,n,c,h,a,g,p
f,f,y,t,a,f,w,b,n,e,?,s,k,y,b,p,w,o,p,b,a,l,p
x,s,r,t,y,a,c,n,k,e,b,y,k,y,u,p,n,t,l,w,y,l,e
f,y,g,t,m,f,c,n,u,t,c,f,f,b,n,p,n,o,l,u,c,m,p
f,g,g,t,f,f,w,b,g,t,?,k,f,y,y,p,o,t,c,k,a,w,e
x,s,p,t,m,a,c,n,w,t,s,f,s,b,o,p,n,t,c,b,a,m,p
x,f,w,t,c,f,w,n,u,e,b,s,s,w,p,p,w,n,p,r,n,m,e
f,g,g,f,y,a,c,b,n,t,b,y,s,y,p,p,o,o,e,w,s,r,e
c,g,u,t,l,f,w,n,u,e,e,k,s,b,p,p,n,t,c,u,c,l,p
k,s,b,t,c,f,w,n,u,t,c,f,s,w,e,p,n,o,n,h,s,d,p
k,y,g,f,f,a,c,b,n,t,?,y,k,e,c,p,n,t,f,n,n,r,e
b,s,r,t,m,a,c,b,k,e,?,s,y,w,o,p,n,t,n,n,c,u,p
c,g,p,t,l,a,c,n,u,t,c,k,f,n,n,p,y,n,f,u,c,g,p
x,s,r,f,c,f,w,b,b,t,c,k,f,c,w,p,o,o,n,h,v,m,p
x,f,u,f,c,f,w,b,b,t,?,y,y,y,n,p,o,o,f,k,n,m,p
x,f,r,f,l,a,w,n,b,e,?,f,k,e,w,p,o,o,l,n,s,u,e
c,y,p,t,l,f,c,b,b,e,s,k,f,o,n,p,n,t,f,b,s,d,p
b,y,b,t,a,f,c,b,k,t,?,k,k,y,b,p,n,t,c,h,a,l,p
k,s,w,t,l,a,c,n,k,e,e,s,s,o,w,p,o,o,c,b,v,g,e
b,y,w,t,n,f,w,n,n,t,?,y,s,p,u,p,w,n,l,n,c,p,e
c,g,g,t,c,a,w,n,u,e,e,s,k,w,n,p,w,n,c,h,a,m,e
k,s,y,f,a,a,w,n,b,t,c,s,k,p,c,p,n,n,f,k,y,m,e
b,y,w,f,a,f,w,b,b,e,e,y,y,y,y,p,w,t,l,k,n,r,e
k,f,y,f,f,f,w,n,g,t,?,y,s,o,e,p,w,t,e,u,s,l,e
k,s,y,t,c,f,w,n,b,t,?,f,k,n,w,p,n,n,p,n,n,p,e
x,s,r,f,n,f,w,n,n,t,?,y,f,y,b,p,y,t,e,u,s,u,p
k,f,r,t,m,a,w,b,p,e,b,f,y,n,w,p,n,o,l,k,c,m,e
f,f,n,f,n,f,c,n,w,t,?,s,y,o,p,p,w,o,e,w,n,g,p
f,g,p,t,c,a,w,n,p,t,s,s,s,e,o,p,o,o,l,h,s,m,p
k,g,p,t,c,a,w,b,p,t,s,f,k,u,y,p,w,t,n,n,s,r,p
f,y,c,t,y,a,c,n,w,t,s,f,y,e,n,p,o,o,p,n,a,d,e
b,y,u,f,m,f,w,n,n,t,e,f,s,p,n,p,n,t,c,w,a,d,p
x,f,n,f,a,f,w,b,b,e,s,k,s,n,e,p,n,t,c,n,v,g,e
p,g,g,t,n,a,c,b,k,e,s,k,y,w,y,p,n,n,f,r,v,r,p
p,f,e,t,f,a,c,n,g,e,e,y,k,c,w,p,o,t,e,k,y,w,e
b,s,u,f,l,a,c,b,p,e,e,s,s,p,b,p,n,o,e,w,s,d,p
c,g,n,f,f,a,c,n,w,t,r,s,f,y,w,p,w,o,p,w,n,m,e
p,f,w,f,c,f,w,b,k,t,?,f,y,p,o,p,o,o,l,k,n,g,p
k,g,p,t,c,a,c,n,k,t,c,s,s,p,w,p,w,o,c,u,a,w,e
p,s,b,t,p,a,c,n,p,e,c,f,f,c,n,p,n,n,p,w,y,u,e
f,s,c,t,a,f,c,b,g,e,s,s,s,c,y,p,n,o,f,h,n,m,p
f,g,w,f,a,f,c,b,u,t,r,k,y,n,y,p,o,o,f,w,s,l,e
k,f,g,f,f,f,w,n,b,e,e,k,y,n,b,p,o,t,f,n,s,w,p
c,s,b,t,m,f,w,n,k,e,e,s,s,u,y,p,n,n,c,h,n,w,p
p,f,e,t,y,a,w,b,n,e,e,s,s,e,p,p,o,t,l,n,v,l,p
x,y,u,f,n,a,c,n,b,e,s,k,k,w,e,p,n,n,n,h,c,d,p
k,y,y,t,a,f,c,n,p,t,b,k,y,y,e,p,o,n,e,r,v,r,p
x,f,c,f,l,f,w,n,b,t,s,s,s,p,u,p,n,n,f,r,y,r,p
c,s,g,f,c,f,w,n,n,e,e,y,f,e,p,p,y,n,c,h,a,u,p
p,s,w,t,f,f,c,n,k,t,e,s,s,o,b,p,n,t,e,u,c,r,e
x,g,u,f,c,f,c,n,n,e,?,f,f,p,c,p,y,t,e,h,s,g,p
x,s,e,t,a,f,c,n,w,e,s,k,y,o,e,p,n,o,l,u,s,m,e
c,s,b,t,y,a,c,b,n,t,e,y,y,n,e,p,n,n,l,n,y,u,e
k,g,u,t,n,a,w,n,w,t,s,y,k,e,c,p,n,o,c,w,s,w,e
f,y,r,t,c,a,c,b,b,e,r,y,f,o,u,p,y,o,c,h,s,r,e
c,f,p,f,a,f,c,b,n,t,s,k,f,n,o,p,n,o,f,b,v,w,e
x,f,p,t,c,a,w,b,b,e,s,y,s,p,w,p,o,t,f,n,y,r,p
p,s,g,t,l,f,c,b,n,e,e,y,f,e,e,p,o,o,f,k,y,r,e
x,f,y,t,m,a,w,n,g,e,s,k,s,p,c,p,y,t,l,r,a,r,e
b,y,e,t,n,f,w,b,u,e,r,f,y,y,n,p,w,o,n,n,c,r,e
x,f,b,f,m,a,w,n,k,t,r,f,f,o,o,p,w,n,e,b,a,w,e
k,f,u,t,f,f,w,b,g,t,b,s,y,c,b,p,w,o,e,k,v,u,p
x,s,p,f,m,f,w,n,w,t,?,f,y,o,e,p,n,o,n,n,s,u,p
k,g,e,f,c,a,w,b,n,t,e,f,f,y,p,p,o,o,p,b,c,l,e
x,f,b,f,n,a,c,b,g,e,e,k,k,y,n,p,o,n,e,k,v,l,p
p,f,e,t,f,f,c,b,n,e,r,f,s,p,n,p,y,t,p,u,c,d,e
b,f,r,t,f,a,c,b,w,t,b,y,f,e,o,p,o,o,e,w,y,m,p
f,s,w,t,l,f,w,b,p,t,s,f,y,e,e,p,o,t,p,n,a,p,p
p,s,p,f,l,a,c,b,g,t,b,f,f,n,p,p,y,t,l,r,c,p,e
p,g,p,t,n,f,w,n,g,t,e,s,s,o,c,p,y,o,n,u,v,g,e
k,f,c,f,y,a,w,n,p,t,?,f,k,c,y,p,y,n,n,u,v,u,e
k,y,p,t,f,a,w,n,w,e,c,y,f,w,w,p,y,o,p,u,n,g,p
x,f,r,t,l,a,c,b,n,e,?,y,k,y,y,p,y,t,c,r,v,r,p
x,y,r,t,a,f,c,n,g,t,e,f,s,p,c,p,n,t,c,b,a,l,p
f,f,b,f,p,a,w,b,b,t,c,f,s,u,b,p,w,t,p,n,y,u,p
b,y,n,t,p,a,c,b,b,e,e,y,f,u,o,p,o,o,p,h,c,g,p
p,s,n,f,n,a,c,n,k,e,r,y,k,n,o,p,y,t,l,r,c,l,e
x,s,e,f,p,a,w,n,u,t,r,s,k,p,p,p,w,n,c,b,s,w,e
p,s,b,f,c,f,w,n,g,e,?,k,s,e,p,p,o,t,l,k,y,w,e
k,y,n,f,c,f,c,b,u,t,r,f,s,u,w,p,y,n,n,n,c,u,e
p,f,p,t,n,a,w,n,k,e,?,k,k,o,w,p,o,o,e,n,a,g,e
k,y,w,f,a,a,c,n,g,t,c,y,f,n,e,p,n,o,l,k,c,l,p
f,f,e,t,p,f,c,n,g,e,r,f,k,b,b,p,n,n,f,h,n,d,e
c,s,e,t,l,f,c,n,u,t,?,s,s,c,c,p,o,n,l,b,c,u,e
b,y,r,f,a,f,w,b,g,t,r,k,y,o,c,p,y,o,f,u,a,p,p
b,f,r,f,a,a,w,n,b,e,c,s,y,b,n,p,o,o,f,n,c,w,p
x,s,w,f,l,f,w,b,g,t,?,f,s,c,c,p,o,t,e,h,a,d,p
f,g,w,t,y,f,c,n,w,t,?,k,s,b,o,p,n,t,n,u,s,m,p
c,f,g,f,n,f,w,n,w,e,?,s,f,e,e,p,y,t,p,b,s,w,p
k,y,r,t,a,f,w,n,b,t,c,y,k,u,w,p,o,t,c,h,c,w,e
p,f,e,f,p,f,w,b,n,e,e,f,k,b,y,p,w,o,l,u,s,g,p
f,g,c,t,p,a,c,n,w,t,r,y,f,o,e,p,n,t,f,r,s,d,e
x,f,n,f,f,a,c,n,p,e,c,s,k,c,c,p,o,n,p,n,a,l,p
f,y,w,t,f,a,c,n,u,e,?,s,y,y,u,p,o,t,n,w,v,m,e
b,s,n,f,f,a,w,b,w,e,r,y,y,p,o,p,y,t,f,n,v,u,e
k,f,y,f,c,f,c,b,n,t,b,f,k,w,w,p,y,o,f,b,a,g,p
c,f,p,f,l,a,w,n,p,t,b,f,y,p,u,p,n,t,p,w,c,d,p
x,g,p,t,a,f,c,b,g,e,r,f,s,p,b,p,n,o,e,r,s,l,p
p,y,w,f,n,a,w,n,k,e,b,y,s,p,p,p,w,t,c,h,v,u,e
k,y,b,t,a,a,c,b,k,t,e,k,s,w,c,p,o,t,l,b,a,u,p
f,f,g,t,p,f,w,b,n,e,s,k,k,c,y,p,n,t,p,b,n,w,e
x,s,b,t,l,f,w,n,u,e,c,y,f,p,e,p,o,t,e,u,y,r,p
b,s,c,f,y,a,c,b,u,t,e,y,s,n,y,p,n,o,l,h,a,l,p
b,s,y,t,a,a,w,b,g,e,e,s,s,w,w,p,n,o,f,n,y,l,e
f,g,p,t,f,f,c,n,g,e,?,k,k,p,p,p,w,t,c,r,v,m,p
x,g,w,f,p,f,c,b,w,t,e,f,k,u,u,p,n,t,n,w,v,u,p
f,s,u,t,p,f,c,b,g,t,r,k,k,y,b,p,w,t,f,b,c,w,e
f,s,g,f,f,f,c,b,w,t,c,s,s,u,w,p,o,t,c,w,n,p,p
c,y,e,t,n,f,w,b,k,e,b,k,s,w,b,p,n,n,e,k,a,r,e
p,f,y,t,p,a,w,b,w,e,?,f,s,w,e,p,w,o,l,u,s,m,p
x,f,b,t,a,a,c,n,w,e,c,k,s,b,c,p,w,t,f,u,n,d,e
p,y,n,f,y,f,c,b,g,e,c,k,y,p,c,p,w,t,n,n,s,m,p
b,g,b,f,l,f,w,n,b,e,e,s,y,y,n,p,w,o,n,w,c,r,p
f,f,n,t,l,f,c,n,w,e,r,f,s,p,y,p,o,o,p,w,n,d,e
c,s,u,f,a,f,c,b,p,e,?,y,y,b,p,p,w,t,n,h,n,u,p
c,y,b,t,a,a,c,n,k,t,c,f,s,o,y,p,o,o,e,k,v,u,e
b,s,g,t,c,f,w,b,w,t,r,f,k,p,c,p,y,n,l,r,v,m,p
f,s,n,t,m,a,c,b,b,e,?,s,y,p,n,p,n,t,p,n,n,d,e
b,s,y,f,n,a,w,b,b,t,?,f,f,p,p,p,y,t,e,w,a,g,e
f,y,y,f,m,f,w,b,k,e,r,s,f,u,o,p,w,n,p,n,v,m,e
b,f,b,t,f,a,w,n,k,e,b,k,s,p,u,p,n,o,e,n,n,l,p
p,y,c,t,l,f,w,b,u,e,e,y,f,y,u,p,y,n,c,w,v,l,e
c,g,g,t,n,f,w,b,p,t,s,k,s,u,y,p,n,o,f,r,n,l,e
k,f,w,f,p,f,w,n,b,e,b,y,y,p,o,p,o,t,c,w,c,w,e
x,s,e,t,l,f,w,b,n,e,s,k,f,e,e,p,y,n,e,w,n,l,e
f,f,w,t,f,f,c,b,k,e,e,f,f,y,b,p,y,t,l,w,v,g,p
b,g,u,f,c,a,w,b,b,t,r,k,k,e,y,p,o,t,c,k,c,g,p
p,y,p,f,f,a,c,b,k,e,r,k,y,y,p,p,w,n,n,h,v,w,e
c,s,e,t,a,a,c,n,n,e,r,y,s,y,e,p,o,o,c,h,v,d,e
f,g,y,f,p,f,c,n,b,e,s,s,y,y,n,p,n,n,c,n,n,l,e
b,y,e,f,p,a,c,n,k,t,?,f,y,y,u,p,o,t,e,u,c,w,e
p,s,p,t,p,a,w,b,p,e,c,s,s,u,p,p,n,n,l,r,s,u,e
c,s,w,t,y,a,c,n,p,e,c,f,y,n,b,p,y,t,f,h,v,p,e
f,f,w,t,m,a,c,n,u,e,e,s,y,y,o,p,y,n,f,h,v,d,e
p,f,e,f,m,f,c,n,p,e,?,s,s,y,y,p,o,o,p,n,c,r,p
f,g,y,f,y,a,w,b,k,e,b,y,k,y,u,p,w,n,f,w,s,r,p
k,s,p,f,p,f,w,n,k,t,s,k,k,n,b,p,n,t,e,b,n,d,p
x,f,u,f,p,a,w,n,w,t,e,f,k,w,u,p,n,o,f,k,c,p,e
f,f,p,t,n,f,c,b,k,e,s,s,y,o,o,p,y,o,f,u,a,w,e
p,f,u,f,l,f,c,b,p,t,c,s,k,y,u,p,y,o,c,r,s,g,p
k,f,n,t,y,f,w,n,n,t,c,y,y,b,y,p,o,o,f,k,c,r,p
c,s,p,f,y,f,c,n,g,t,r,s,s,b,e,p,w,t,p,r,a,d,p
b,y,c,f,y,f,c,b,k,t,?,y,f,y,b,p,n,t,p,n,n,u,e
x,f,n,t,f,f,c,b,w,e,b,k,s,b,n,p,y,t,e,r,s,l,p
b,f,r,t,a,f,c,n,p,e,?,y,f,y,y,p,y,n,e,b,a,d,e
k,g,p,t,m,a,c,b,k,e,e,k,k,n,e,p,y,o,l,k,v,r,e
x,g,e,f,c,f,c,n,p,e,?,k,f,n,c,p,y,t,n,b,v,d,e
p,y,g,f,a,a,c,n,g,t,b,f,y,p,u,p,w,t,c,k,n,m,e
k,y,e,t,y,f,c,b,b,t,s,k,f,w,c,p,y,t,c,u,v,u,p
k,g,b,f,a,a,c,b,n,t,s,k,s,b,p,p,y,t,e,k,a,r,p
p,y,p,f,p,a,w,n,p,t,e,k,f,p,u,p,n,n,l,r,c,u,e
b,g,r,t,n,f,w,b,p,e,s,f,s,c,o,p,n,n,p,u,c,w,p
b,g,w,f,n,f,c,n,k,t,b,f,k,y,u,p,o,t,n,u,a,p,e
p,f,e,f,a,a,c,b,k,e,b,s,k,p,n,p,n,n,f,w,s,m,e
x,f,p,t,f,f,w,n,n,t,c,k,f,p,p,p,n,o,l,b,s,l,e
x,s,y,f,n,f,w,b,p,t,e,y,s,e,u,p,w,t,e,n,y,g,p
f,s,y,f,n,a,c,n,n,e,r,f,f,y,b,p,o,n,e,k,c,u,e
b,y,w,t,c,f,w,b,g,t,c,f,f,o,w,p,w,t,f,h,n,l,p
k,s,c,t,n,a,c,b,n,t,b,y,s,y,e,p,n,o,e,n,c,d,e
b,f,n,f,f,a,w,b,w,t,s,f,k,o,u,p,o,t,n,u,c,u,e
p,y,e,f,l,a,w,n,u,t,r,k,k,w,b,p,o,t,e,b,y,p,p
p,g,y,t,c,f,w,n,u,t,s,s,f,e,p,p,y,o,f,b,n,g,e
c,s,c,f,l,f,w,b,u,t,c,y,f,u,u,p,w,n,c,u,a,u,p
c,y,n,t,n,a,c,n,u,e,s,s,f,b,y,p,o,n,l,w,y,g,p
k,y,b,f,p,f,c,b,p,t,s,k,s,o,e,p,w,t,p,n,c,d,p
p,g,e,t,y,a,w,b,w,e,s,y,s,e,p,p,n,n,l,b,c,l,e
p,s,c,f,c,a,c,n,u,e,e,y,y,p,y,p,w,t,l,b,a,d,e
x,s,u,t,p,a,c,b,w,t,b,f,f,n,w,p,o,o,e,u,y,m,e
c,f,c,f,l,f,c,n,w,e,b,s,k,n,y,p,o,t,n,r,v,p,p
f,f,e,t,f,f,w,n,w,e,b,s,k,u,o,p,w,t,n,k,v,m,e
p,g,u,f,y,a,c,n,b,e,c,k,s,c,p,p,y,t,l,u,c,r,e
k,f,p,f,m,f,w,n,w,e,c,f,y,p,o,p,y,o,n,h,s,r,e
p,f,p,t,m,f,w,n,u,t,c,y,f,y,e,p,n,t,f,b,c,r,p
f,f,g,f,l,f,w,n,k,t,b,k,k,y,b,p,w,n,e,k,s,w,p
c,f,p,f,m,a,c,b,p,e,r,k,k,e,u,p,w,t,p,w,c,d,p
f,f,r,f,a,a,w,b,w,t,b,k,s,u,y,p,y,n,f,r,s,l,p
b,g,u,f,c,f,c,b,w,t,c,k,k,c,p,p,n,o,l,w,y,l,e
k,g,c,t,a,f,w,b,g,e,b,f,f,o,e,p,o,o,e,u,v,p,e
p,s,r,t,c,f,w,n,n,t,e,s,k,o,y,p,n,t,p,b,a,m,e
b,y,g,t,c,a,c,b,u,t,r,f,y,o,p,p,y,n,f,n,n,l,p
p,s,e,f,c,f,w,n,p,e,s,y,s,u,u,p,n,t,n,k,v,r,e
c,y,y,t,p,f,w,b,k,e,r,k,f,c,n,p,o,t,f,h,s,d,e
k,f,w,f,p,a,c,n,u,e,s,y,k,o,e,p,w,n,e,r,a,u,e
b,g,r,f,l,a,w,b,n,t,s,f,y,c,b,p,o,t,p,w,s,u,p
k,y,w,f,a,a,c,b,g,e,c,s,s,p,n,p,n,n,p,u,n,w,e
k,f,p,t,l,a,w,n,b,e,?,f,y,w,b,p,o,o,l,b,c,u,e
b,f,b,f,l,f,w,b,n,e,s,f,s,p,y,p,y,n,e,u,y,p,e
c,f,y,t,p,a,c,b,w,t,?,s,y,e,o,p,w,t,c,k,y,g,p
x,y,u,f,y,a,c,b,k,e,e,y,y,u,y,p,w,t,p,n,n,l,p
p,s,p,f,p,a,c,b,k,e,b,k,k,w,w,p,n,t,e,u,c,d,e
x,f,g,t,l,a,c,n,g,e,s,y,k,c,o,p,w,o,l,u,s,d,p
c,y,c,t,f,a,w,n,k,t,e,y,y,p,u,p,n,o,c,n,v,u,p
b,y,u,f,a,f,c,n,p,t,b,k,s,n,u,p,o,o,l,b,n,d,p
f,y,y,f,p,f,w,n,w,e,e,f,s,p,o,p,n,n,p,r,s,l,p
c,f,c,f,a,f,w,b,g,t,c,y,y,p,y,p,n,n,c,k,c,r,p
c,s,c,t,m,a,w,b,k,t,b,s,f,w,b,p,n,t,l,u,y,m,p
x,f,g,t,l,a,w,b,g,t,?,k,k,y,u,p,n,n,c,b,y,d,p
b,y,b,f,f,f,w,n,n,t,c,y,y,o,u,p,o,n,n,h,v,l,e
f,y,r,f,y,a,w,b,b,t,e,k,y,o,c,p,w,t,c,h,v,r,e
f,f,b,t,m,a,w,n,n,e,b,f,y,u,c,p,w,n,f,r,y,m,e
f,s,p,f,n,f,c,b,w,e,r,s,f,e,p,p,o,n,l,n,a,r,e
x,y,b,t,m,a,c,n,k,e,r,k,f,y,c,p,n,n,e,k,y,u,p
k,y,c,f,y,a,w,b,n,t,e,f,f,o,o,p,y,t,n,u,n,u,e
b,y,n,t,l,f,c,b,n,e,r,k,y,b,p,p,y,o,e,b,a,r,e
f,g,y,f,l,f,c,n,k,t,e,y,f,o,o,p,y,t,l,h,s,p,e
c,s,c,f,p,f,c,n,g,e,b,y,y,b,e,p,w,o,c,r,s,g,e
c,g,c,f,a,f,c,b,n,e,e,f,s,y,u,p,y,n,e,r,c,l,p
f,s,g,t,y,f,c,b,u,e,c,f,f,o,e,p,n,o,e,w,v,r,p
k,f,g,f,c,a,c,n,n,t,s,y,s,u,p,p,w,n,p,r,n,m,p
x,y,e,f,f,a,w,b,g,t,e,y,k,w,p,p,o,o,l,w,a,u,e
k,g,r,t,l,a,c,n,n,t,?,s,s,b,w,p,w,t,p,w,a,g,e
p,g,w,t,m,a,w,n,u,e,s,f,k,b,p,p,y,t,f,b,v,p,p
c,g,g,t,f,f,c,b,p,t,e,y,k,b,n,p,n,o,n,n,c,r,e
c,g,p,f,c,f,w,n,n,e,s,f,y,e,b,p,n,o,f,n,y,r,p
k,f,n,f,f,a,c,n,g,e,?,s,f,c,b,p,o,n,n,n,y,l,e
p,f,n,t,l,f,w,b,w,t,c,f,y,y,b,p,o,n,l,b,s,w,p
c,g,g,f,c,a,c,n,n,t,b,s,y,y,o,p,w,t,e,h,s,u,p
f,f,e,f,n,a,c,n,g,e,e,s,y,e,c,p,o,n,f,k,c,p,e
x,y,u,f,l,a,c,b,n,t,b,k,y,u,b,p,w,t,n,k,y,r,e
b,s,g,t,c,f,c,n,g,e,s,s,y,n,n,p,o,o,f,w,s,r,p
c,s,w,f,n,f,c,b,u,t,e,s,y,u,w,p,o,o,l,u,v,l,p
f,f,c,f,c,a,c,b,k,t,b,k,f,n,e,p,w,n,c,k,s,g,p
x,f,c,t,a,a,w,b,p,e,e,s,f,w,e,p,w,o,e,h,a,g,p
k,f,n,f,f,a,c,b,w,e,r,k,f,p,u,p,n,n,n,b,n,g,e
k,s,c,t,l,f,w,b,g,t,b,s,f,o,w,p,y,t,p,r,v,w,e
p,g,e,t,f,f,w,n,g,t,b,f,k,u,o,p,n,t,c,r,y,m,e
f,f,r,t,l,a,c,b,g,e,e,y,s,w,p,p,n,n,c,w,y,g,e
b,y,p,t,f,f,c,n,n,t,?,f,s,y,b,p,w,n,n,u,v,w,e
p,y,p,t,y,f,c,b,u,e,r,y,y,c,b,p,w,o,p,b,c,u,e
p,g,e,t,a,f,c,b,k,e,c,s,s,y,p,p,n,o,l,n,y,r,p
f,y,b,t,c,f,c,n,k,t,e,y,f,w,o,p,y,o,n,k,s,w,p
b,y,r,t,c,a,w,b,b,t,c,k,k,y,o,p,y,n,e,r,v,d,e
c,y,c,f,l,f,c,b,p,t,c,f,s,u,c,p,o,o,f,r,v,m,p
x,f,c,t,c,a,w,n,w,t,b,s,k,u,c,p,o,n,n,k,a,g,e
f,y,c,f,l,a,w,n,u,t,e,s,k,c,b,p,w,n,p,n,y,w,e
x,s,g,t,m,f,c,n,b,t,e,s,f,o,b,p,w,n,l,r,n,g,p
p,y,g,t,a,f,c,b,w,e,s,f,s,e,b,p,y,o,p,b,y,w,e
x,y,e,t,n,f,c,n,n,t,c,y,s,e,p,p,w,n,e,u,y,g,e
k,f,g,f,a,a,c,b,n,e,b,f,s,e,u,p,n,t,l,h,y,m,e
p,s,y,t,y,f,c,n,w,e,s,k,s,p,w,p,y,t,c,r,n,d,e
x,y,c,f,n,a,w,b,n,t,?,y,s,o,c,p,w,o,n,k,v,m,e
p,f,r,t,p,f,c,b,g,e,r,k,f,o,n,p,w,n,l,r,n,u,e
c,g,e,f,f,f,c,b,b,e,?,y,s,y,e,p,w,n,f,w,a,w,e
p,y,r,t,y,f,w,b,p,t,r,s,f,w,c,p,n,t,e,n,y,l,e
x,f,w,f,n,f,c,b,u,e,b,s,s,w,o,p,w,n,n,h,n,m,p
k,f,n,t,p,a,c,b,w,t,e,f,s,c,y,p,y,n,f,k,c,m,e
c,g,r,f,l,f,w,n,g,e,r,s,y,e,y,p,o,n,n,r,v,g,e
x,g,b,t,c,f,w,n,u,t,c,y,k,n,p,p,w,t,l,k,n,l,e
x,f,p,t,n,f,w,n,u,e,s,f,y,e,c,p,w,o,e,h,a,p,e
p,g,b,f,c,a,w,n,u,t,r,s,f,o,e,p,o,t,e,h,n,d,p
k,y,p,t,f,a,w,b,p,t,s,y,s,b,u,p,w,n,p,r,c,d,e
x,y,c,f,n,a,w,b,k,t,c,y,y,w,o,p,y,t,p,w,v,g,e
f,y,b,t,a,f,c,n,p,t,?,k,k,b,o,p,w,o,e,h,v,p,p
f,g,c,t,c,a,c,n,n,t,c,k,f,p,p,p,n,n,p,r,a,g,e
b,s,c,f,m,a,w,n,k,e,b,y,f,y,y,p,y,o,l,b,a,g,p
b,s,c,t,l,f,w,b,b,t,e,f,f,u,c,p,y,t,n,r,y,m,e
p,g,p,f,n,a,c,b,g,t,b,s,s,y,u,p,n,t,p,w,n,d,e
c,y,b,f,c,f,w,b,p,e,?,f,k,w,u,p,n,o,n,r,n,d,e
x,s,y,t,p,f,c,b,g,e,?,k,s,n,e,p,y,t,n,w,v,m,p
c,y,y,t,p,a,c,n,p,e,e,y,y,p,c,p,w,o,p,h,n,d,e
f,g,b,f,n,f,c,n,g,t,?,s,y,b,u,p,w,o,c,b,c,w,e
f,y,n,f,f,a,c,n,w,e,?,s,s,c,p,p,w,t,c,k,n,d,p
k,f,y,f,y,f,w,n,w,t,r,s,s,e,o,p,n,n,l,h,v,u,p
b,f,e,f,a,a,c,b,g,t,b,f,y,e,o,p,y,n,n,r,y,l,e
x,s,y,t,l,f,w,b,k,e,e,s,k,e,n,p,o,t,p,r,s,g,e
f,g,g,f,c,a,w,b,g,t,b,s,y,o,y,p,w,n,e,w,n,m,p
x,s,p,f,p,f,w,b,n,t,?,f,f,o,c,p,w,n,e,n,c,u,e
p,g,p,t,l,f,w,b,w,t,s,f,f,p,y,p,o,n,n,b,c,p,e
c,s,w,f,f,f,w,b,n,e,s,f,f,o,o,p,o,n,p,h,v,r,p
c,s,b,f,p,a,w,n,u,e,s,s,f,e,p,p,w,n,l,u,a,d,p
p,f,n,t,p,a,c,n,p,e,?,f,y,c,y,p,o,o,e,r,v,g,e
c,s,w,f,p,f,c,n,g,e,?,y,s,w,p,p,o,o,l,b,a,m,p
p,f,g,t,y,f,c,n,b,t,c,f,f,y,e,p,n,o,e,n,v,l,p
f,y,y,t,f,f,c,b,b,e,e,k,k,e,c,p,o,o,l,r,a,r,e
c,f,u,t,c,a,c,n,g,t,?,s,y,c,u,p,o,n,c,n,s,m,e
c,f,e,t,l,a,w,b,g,t,b,k,f,c,u,p,w,t,p,k,s,l,p
x,f,g,f,c,f,c,n,w,e,c,y,s,c,b,p,w,t,f,h,a,g,e
k,g,n,f,p,f,c,b,k,e,r,s,k,e,y,p,n,o,l,b,n,g,p
b,g,u,t,m,f,w,n,w,t,r,k,k,n,w,p,y,n,e,r,y,p,e
f,y,c,f,n,a,w,n,b,e,r,k,s,b,b,p,n,o,c,n,n,u,e
p,s,w,t,c,a,w,b,b,t,c,f,y,y,o,p,o,o,c,n,c,r,e
p,s,g,t,c,a,c,b,b,t,s,s,k,y,c,p,w,n,f,k,n,p,p
f,f,y,f,c,f,w,b,n,e,?,f,s,n,e,p,o,o,c,h,s,d,p
p,s,w,t,c,a,c,b,b,e,e,f,k,w,o,p,y,t,e,u,y,w,e
b,f,p,f,m,a,c,n,k,e,c,k,k,p,y,p,y,o,p,w,n,w,e
b,y,b,f,p,a,c,n,g,e,r,k,f,c,n,p,o,n,e,h,y,p,p
f,s,c,f,l,a,c,b,g,t,?,y,f,y,b,p,w,o,f,h,v,w,p
b,g,u,f,p,a,c,b,b,t,?,s,k,p,c,p,w,t,n,k,y,u,p
b,s,e,f,a,f,c,b,b,e,e,k,k,o,p,p,w,t,c,u,s,u,p
x,f,n,t,y,f,c,n,w,t,s,f,y,y,n,p,n,o,p,h,y,l,p
k,y,u,f,m,f,w,n,b,t,r,y,k,y,c,p,y,n,n,r,n,d,e
b,g,y,t,n,f,w,b,g,e,b,k,y,o,b,p,n,o,c,u,c,u,e
f,g,u,f,f,f,w,b,n,t,b,k,s,y,n,p,y,o,f,n,a,p,p
c,f,b,t,c,f,w,b,g,e,b,y,s,e,p,p,o,o,p,b,v,l,p
f,f,y,f,c,f,c,n,b,t,r,f,y,y,y,p,o,t,e,u,v,p,p
b,f,y,f,n,f,w,b,u,t,e,k,y,n,e,p,n,n,c,r,s,l,p
f,y,g,t,p,a,c,n,k,e,c,y,k,u,b,p,w,t,l,u,c,w,e
f,g,b,t,a,a,c,b,u,e,e,k,y,u,c,p,y,t,p,u,c,l,p
c,f,b,t,c,f,w,n,n,e,r,k,y,b,y,p,w,o,n,r,n,m,p
p,y,u,f,f,f,c,n,g,t,?,f,f,o,b,p,y,n,f,h,n,u,p
k,s,e,t,a,a,w,b,n,e,s,f,s,b,w,p,y,o,n,n,c,d,p
f,g,y,f,c,a,w,n,p,t,s,k,k,e,w,p,n,o,e,r,a,u,p
f,y,y,f,y,f,w,n,w,t,s,f,s,o,c,p,y,t,l,n,v,d,e
b,f,r,f,n,a,w,b,n,e,b,y,y,c,n,p,n,o,n,u,s,r,e
p,f,y,f,m,f,w,b,n,e,b,k,y,o,n,p,y,o,l,w,n,d,p
p,y,n,t,f,f,w,b,u,t,s,s,k,o,o,p,y,o,p,u,y,l,e
c,y,u,t,m,f,c,n,u,t,b,y,f,b,w,p,w,n,e,k,y,d,p
k,f,n,f,l,a,c,b,n,e,b,s,k,n,p,p,y,n,n,k,a,l,e
f,f,n,t,n,f,w,b,n,t,?,f,y,o,w,p,y,o,n,r,n,l,e
p,s,r,f,c,a,c,b,p,t,s,k,f,n,o,p,y,n,e,k,c,p,e
k,y,n,f,f,f,c,b,p,e,e,f,y,n,b,p,o,n,e,r,n,g,e
k,y,y,f,a,f,w,n,u,e,r,s,k,c,b,p,n,t,c,h,s,d,p
b,s,w,f,f,a,c,b,n,e,b,k,f,p,o,p,w,t,l,u,c,r,e
x,g,u,t,p,f,w,n,p,t,e,y,f,p,o,p,w,n,l,w,c,p,e
x,y,u,t,n,a,w,n,g,t,e,s,k,w,o,p,n,t,l,r,c,w,e
k,f,b,t,m,f,c,n,n,t,s,f,k,u,c,p,w,n,p,b,s,m,e
k,y,w,t,l,f,c,b,n,e,e,k,s,p,y,p,w,n,p,k,v,u,e
x,y,u,f,f,f,c,b,w,e,s,s,s,p,n,p,o,o,f,w,n,p,e
p,g,b,t,a,f,c,n,k,e,c,f,k,w,y,p,o,t,c,h,c,m,e
c,f,y,f,n,a,w,n,g,t,s,s,s,c,y,p,w,o,f,w,c,l,e
x,g,u,f,p,a,w,b,u,e,e,k,y,o,e,p,y,n,l,h,y,m,e
x,f,u,f,m,f,w,b,b,t,r,s,s,n,b,p,n,n,p,w,s,g,p
k,s,e,t,a,a,c,b,k,t,c,s,y,e,p,p,n,o,p,n,c,g,p
x,g,r,t,p,a,w,b,n,e,s,k,k,o,w,p,y,n,p,h,c,r,e
x,y,r,f,a,a,c,n,g,t,s,y,f,e,u,p,w,t,l,b,c,u,p
b,y,n,t,n,f,w,b,g,e,c,k,f,w,e,p,n,o,e,n,s,d,p
x,s,n,f,n,f,c,b,w,t,s,k,y,c,c,p,n,t,f,k,n,p,p
k,f,r,f,m,a,w,n,u,t,r,f,s,p,o,p,o,o,p,b,n,r,p
x,g,e,t,y,a,c,b,g,t,r,f,y,e,u,p,o,o,n,h,a,u,p
b,g,c,f,y,a,c,n,w,t,?,y,s,c,p,p,y,o,n,b,c,u,p
f,s,r,t,m,f,c,n,k,t,b,k,f,c,w,p,y,o,f,u,a,d,e
k,f,r,f,n,f,w,n,n,t,e,k,f,w,b,p,n,o,n,k,y,m,p
b,g,e,t,l,a,w,n,w,e,b,s,k,b,e,p,n,n,f,k,a,p,p
k,g,b,t,l,f,c,n,n,e,c,s,f,o,c,p,w,o,p,h,a,l,p
c,g,n,t,y,f,c,b,b,t,b,k,s,e,c,p,w,o,c,w,y,w,p
k,f,r,f,m,a,w,b,g,t,r,s,y,o,w,p,y,n,n,h,a,w,e
p,y,r,f,y,a,c,b,g,t,b,s,f,u,c,p,n,t,n,n,v,d,e
c,f,r,f,n,f,w,n,p,e,s,y,s,u,w,p,w,o,n,w,n,r,e
x,s,e,t,f,f,c,b,b,t,r,f,k,c,b,p,w,t,c,r,v,w,p
p,g,p,f,y,f,w,b,u,e,?,s,f,b,y,p,w,n,p,r,s,p,p
f,y,u,t,c,f,c,n,p,e,r,s,f,n,n,p,w,o,e,n,a,u,p
x,s,u,t,y,f,w,n,g,e,r,f,f,p,p,p,o,t,e,k,y,r,e
b,y,y,f,l,a,w,b,p,e,c,k,k,n,w,p,o,o,l,w,v,u,e
p,f,g,t,y,a,c,n,n,t,?,f,f,p,e,p,w,o,e,r,c,u,e
k,g,g,t,f,a,w,b,k,t,c,k,f,e,n,p,o,o,n,u,a,r,e
f,y,n,f,f,f,w,b,k,t,b,s,f,u,e,p,y,t,n,u,s,u,p
b,y,g,f,m,f,w,n,w,t,?,s,f,b,u,p,w,t,l,h,s,m,p
x,f,e,f,p,f,w,b,w,e,r,s,k,y,y,p,n,n,e,k,c,r,e
x,s,c,f,c,f,c,n,k,t,?,y,s,u,y,p,n,t,l,k,s,p,e
b,f,p,f,c,a,c,n,k,e,e,k,f,u,e,p,n,t,f,w,y,d,e
b,y,g,t,y,a,c,b,g,e,e,k,y,n,b,p,n,o,n,n,n,d,e
k,f,n,f,p,f,c,n,k,e,b,s,f,e,w,p,o,o,p,k,v,r,p
b,f,p,f,f,f,c,b,u,e,e,k,y,o,p,p,o,n,e,b,y,m,e
f,g,n,t,m,f,c,b,p,t,e,y,s,p,u,p,w,t,f,b,s,u,e
b,f,n,t,f,f,w,b,w,t,c,y,k,n,p,p,n,n,f,u,c,r,e
p,f,p,f,l,a,w,n,w,t,e,f,y,w,y,p,o,t,l,k,v,r,p
k,s,p,t,f,f,w,b,n,t,c,f,f,e,o,p,w,t,l,k,n,l,e
c,g,e,t,y,f,c,b,w,t,e,s,y,b,y,p,w,o,e,b,n,l,e
b,y,y,f,l,a,c,b,b,e,?,k,y,o,c,p,n,t,f,w,a,p,p
f,s,g,f,n,f,w,n,g,e,c,f,s,p,o,p,n,n,e,u,a,r,p
b,g,g,f,l,f,c,n,w,e,b,s,s,e,e,p,o,o,e,n,v,g,p
b,y,n,t,y,a,w,n,n,e,b,k,k,b,u,p,y,n,n,w,c,u,p
k,s,u,f,n,a,c,n,p,t,e,y,s,p,c,p,o,t,l,n,s,r,p
p,g,w,f,f,f,c,n,k,t,?,s,f,p,n,p,n,n,c,n,v,g,p
f,s,p,f,y,a,c,n,n,e,r,k,y,o,y,p,o,t,f,r,c,g,e
c,s,r,f,m,f,w,b,n,e,c,s,f,o,n,p,o,o,n,h,v,w,e
c,g,u,f,p,f,c,n,n,e,e,s,s,b,w,p,o,t,e,u,y,r,e
c,f,y,t,c,a,c,b,n,t,b,k,f,p,p,p,w,o,n,k,v,w,p
c,g,b,f,m,f,c,n,p,t,?,f,s,e,p,p,w,t,e,w,s,d,e
k,g,e,f,y,f,w,n,g,e,e,y,s,n,w,p,n,t,e,h,s,w,e
p,g,n,t,a,a,w,n,p,t,e,k,y,b,p,p,y,n,p,u,c,g,e
f,y,w,f,n,f,w,b,k,t,r,y,k,b,o,p,y,o,c,w,v,r,e
b,s,b,t,p,a,c,n,n,e,r,f,f,c,w,p,n,t,p,r,c,p,e
x,y,c,f,y,a,c,b,k,t,r,k,f,p,y,p,n,t,c,b,v,u,p
p,s,c,t,l,f,c,b,p,e,e,s,y,w,y,p,y,o,c,k,c,w,p
f,f,r,f,y,f,c,b,u,t,?,s,f,y,u,p,o,n,l,k,s,d,p
k,y,e,t,a,a,c,b,b,t,r,f,s,w,y,p,n,t,e,b,a,l,e
b,f,y,t,n,a,w,n,k,t,e,s,f,p,e,p,o,t,f,r,v,w,e
p,y,r,f,y,f,w,n,w,e,?,k,y,p,u,p,w,t,f,n,v,w,e
f,y,p,f,c,a,w,b,u,e,r,y,k,o,e,p,o,n,f,n,n,l,e
x,g,u,f,a,f,w,b,u,e,s,k,f,p,b,p,w,o,l,w,s,m,e
x,g,r,f,l,f,c,n,w,t,b,k,y,b,p,p,w,o,e,u,y,w,p
p,y,c,t,a,f,w,b,b,e,c,s,y,w,w,p,n,t,p,b,y,w,p
p,y,u,f,n,f,w,n,k,t,s,y,f,b,o,p,n,n,p,u,y,p,p
x,f,c,f,y,f,c,n,g,t,b,f,k,u,o,p,o,t,p,u,n,p,e
b,f,r,f,p,f,w,n,u,e,s,s,y,w,b,p,o,t,c,w,n,w,e
p,f,e,t,a,f,c,n,k,e,r,y,y,w,p,p,y,o,e,k,y,r,p
c,f,c,f,m,f,c,b,g,e,s,k,s,o,w,p,o,o,f,b,n,g,p
x,y,b,f,a,f,c,b,p,e,c,k,k,c,u,p,w,o,n,u,v,w,p
p,s,e,t,y,f,w,b,n,t,e,f,k,n,e,p,y,t,n,n,v,w,p
b,g,c,t,f,f,w,b,b,e,?,k,k,w,w,p,o,t,n,h,c,d,e
c,y,u,t,n,f,w,n,w,t,b,y,f,n,p,p,o,t,n,n,v,g,p
k,s,p,t,p,a,w,b,p,t,s,y,f,e,u,p,w,n,c,h,c,m,p
f,f,y,t,l,f,c,b,g,e,?,y,k,b,o,p,o,n,f,h,s,l,e
k,f,e,f,f,a,w,n,b,e,c,y,k,e,n,p,n,n,f,u,y,w,p
c,f,p,f,y,f,c,n,g,t,b,y,s,y,e,p,w,o,f,w,c,u,e
f,g,r,t,m,a,c,b,b,t,s,y,f,n,y,p,w,o,f,n,s,r,e
c,s,y,f,l,f,w,b,k,e,?,s,s,p,b,p,w,o,e,n,c,u,e
k,f,b,f,l,a,c,b,u,e,r,k,k,w,y,p,n,t,f,u,y,g,p
x,y,n,f,f,a,c,n,n,t,c,f,s,y,w,p,w,o,p,w,c,p,e
x,y,r,f,m,a,w,b,u,t,c,y,k,w,c,p,o,n,e,u,s,u,e
x,s,n,f,c,f,c,n,u,t,b,y,f,y,o,p,o,o,n,r,v,p,p
f,s,n,t,p,f,w,n,k,e,c,f,s,y,b,p,y,n,n,h,s,d,e
k,f,c,t,a,f,c,b,u,e,?,f,f,y,u,p,w,o,l,u,a,l,e
c,s,e,t,y,a,c,n,w,t,b,f,s,p,c,p,o,n,c,h,a,g,p
x,f,n,f,p,a,w,b,n,e,?,s,f,p,b,p,w,t,c,n,s,w,p
x,s,u,f,m,a,w,n,n,t,c,f,s,c,n,p,y,n,e,h,n,d,e
k,g,e,f,n,a,w,b,k,e,c,y,y,u,c,p,n,o,c,n,a,d,e
f,y,r,f,a,a,w,b,p,t,e,y,k,y,n,p,o,t,f,b,y,w,p
x,g,g,f,a,f,c,n,k,e,c,f,f,u,u,p,w,t,l,u,c,d,p
p,y,e,f,m,f,w,n,g,e,r,k,s,c,e,p,n,t,f,n,y,l,e
f,y,r,f,n,a,c,b,w,e,s,f,s,p,b,p,y,o,n,w,y,p,p
x,s,r,f,y,a,c,b,w,t,?,s,y,w,c,p,n,n,p,u,c,m,e
x,f,n,t,m,f,w,n,k,e,c,k,k,o,n,p,y,n,l,h,y,m,p
b,y,w,t,n,f,w,n,n,e,e,k,y,y,w,p,o,o,p,u,y,p,e
k,s,r,t,p,f,w,n,u,t,b,y,y,b,u,p,y,n,f,u,y,g,p
x,y,p,t,c,a,w,b,n,e,c,f,f,u,b,p,n,o,f,b,y,w,e
k,g,y,t,y,f,w,n,b,e,e,y,s,o,y,p,o,n,f,n,a,p,p
f,f,b,t,l,f,c,b,g,e,b,k,y,u,y,p,y,o,f,u,y,d,e
k,f,n,t,c,f,c,b,n,e,s,s,s,n,c,p,w,t,e,r,v,r,e
k,g,p,f,f,a,c,b,b,e,c,s,k,b,e,p,o,t,c,b,n,u,e
f,s,n,t,n,f,c,b,n,e,b,f,s,b,p,p,y,o,l,n,n,w,p
b,y,y,t,p,a,c,b,g,e,b,f,k,c,b,p,w,t,n,w,c,g,e
c,y,e,t,m,f,w,b,g,t,e,y,k,c,p,p,n,o,l,h,c,p,e
f,g,y,t,n,f,w,b,p,t,?,f,k,n,b,p,o,t,p,w,a,p,e
k,f,e,t,y,a,c,n,b,t,?,y,f,u,e,p,o,n,f,n,v,l,e
f,g,c,t,c,f,w,b,k,t,?,f,k,o,w,p,o,o,f,n,n,l,e
f,y,e,t,f,f,w,b,k,t,r,y,y,p,c,p,w,o,e,b,v,m,e
x,y,r,t,f,a,w,b,p,e,s,k,k,w,n,p,n,n,e,r,y,g,p
f,f,p,t,c,f,c,n,w,t,b,k,f,u,e,p,n,t,e,k,y,w,p
f,g,y,f,f,f,c,n,w,t,c,k,k,y,p,p,w,o,l,k,v,p,p
p,g,y,f,p,f,c,n,b,e,s,s,y,c,u,p,w,n,l,w,y,w,p
p,g,p,f,n,f,w,n,b,t,r,s,y,n,w,p,o,o,l,r,n,d,e
x,f,n,f,c,a,w,b,g,t,c,s,y,u,n,p,n,o,f,w,v,u,e
x,f,w,f,a,a,w,b,p,e,e,k,y,w,w,p,y,o,p,r,n,p,e
c,f,e,f,m,a,w,b,u,t,r,f,y,e,u,p,o,o,l,u,v,w,p
f,y,r,t,n,f,w,n,k,t,r,k,k,p,w,p,y,t,c,h,c,g,e
f,s,c,f,n,f,w,b,g,e,r,s,k,c,w,p,n,n,p,k,c,p,p
x,s,y,f,c,a,w,b,k,t,?,s,y,u,u,p,n,t,n,b,y,r,p
f,g,u,f,a,a,c,b,b,t,e,k,s,n,w,p,o,o,p,n,s,p,e
p,f,e,t,l,a,w,b,b,e,b,f,y,w,u,p,o,t,l,k,s,l,e
b,g,c,t,n,a,w,b,p,e,r,k,f,w,p,p,n,t,n,n,c,r,e
x,y,c,f,a,f,w,n,n,e,?,s,s,y,c,p,o,n,n,b,v,u,e
c,f,u,f,l,f,c,n,w,t,c,s,s,y,p,p,w,t,e,n,s,m,e
k,y,w,t,c,a,w,n,b,e,r,y,s,u,c,p,o,t,e,r,v,l,p
b,f,u,f,n,f,w,b,k,t,s,s,k,c,y,p,n,o,c,r,a,p,p
k,g,c,t,c,f,w,b,k,e,r,k,s,e,p,p,w,t,c,w,y,p,p
c,s,g,t,l,f,c,n,u,e,c,k,f,p,y,p,o,n,f,k,a,p,e
c,y,p,f,p,f,w,b,n,t,s,f,y,y,n,p,n,o,l,n,a,r,e
f,f,u,t,p,a,c,n,b,t,r,k,y,b,n,p,y,n,c,h,n,m,p
k,y,w,t,p,f,w,b,p,e,b,k,s,n,y,p,w,o,n,n,a,g,e
f,y,c,f,f,f,w,n,n,t,b,y,f,y,w,p,w,n,c,w,y,d,e
k,g,p,f,m,f,c,n,k,e,r,k,f,u,o,p,n,n,l,h,y,l,p
p,s,b,f,l,f,c,b,k,e,c,f,s,p,p,p,w,n,e,n,c,r,e
c,y,c,f,c,a,c,b,g,t,s,k,s,u,w,p,y,n,n,w,n,d,e
x,g,c,f,n,f,c,b,g,e,r,s,y,u,c,p,w,o,c,b,s,d,p
p,y,b,t,c,f,w,n,k,t,b,s,y,p,w,p,n,o,e,b,y,p,e
p,g,n,f,c,f,w,n,b,t,e,f,k,p,p,p,y,t,e,u,y,m,e
x,s,r,f,l,a,c,n,g,t,e,k,s,w,w,p,y,o,f,b,y,l,p
f,g,p,t,y,f,c,b,n,e,r,f,y,b,c,p,n,t,l,b,s,w,e
x,s,p,f,f,f,c,b,w,t,s,k,y,o,y,p,w,t,f,h,n,l,e
k,s,y,t,a,f,c,n,w,t,r,f,f,w,w,p,o,n,c,k,a,r,e
p,y,y,t,c,a,c,n,n,t,r,f,k,b,o,p,n,o,f,n,a,g,p
c,f,e,f,m,a,c,b,n,t,b,y,s,b,p,p,y,o,p,b,a,p,e
f,s,w,t,f,a,c,n,p,t,e,f,f,w,n,p,y,o,l,h,s,p,e
c,g,w,t,c,f,c,n,b,t,s,y,k,w,y,p,w,o,c,u,n,u,p
b,s,r,f,l,a,c,n,w,e,e,k,y,e,w,p,y,o,n,w,a,u,p
c,f,e,f,l,f,c,n,p,t,?,k,k,y,e,p,w,t,f,k,c,u,p
p,g,b,f,l,a,c,b,p,t,s,f,s,e,u,p,n,n,f,b,n,m,e
f,y,n,f,m,f,w,n,n,e,b,s,s,p,p,p,n,o,p,w,a,u,p
p,y,p,f,l,f,w,b,w,t,r,f,s,w,e,p,o,n,l,k,c,g,p
f,s,e,t,a,a,w,n,w,t,c,s,f,w,w,p,o,n,e,n,v,m,e
b,g,w,f,y,f,w,b,g,t,c,s,k,b,y,p,w,t,e,u,s,d,e
c,f,g,f,l,f,w,n,k,t,b,f,f,w,b,p,n,t,f,r,n,p,e
f,f,e,t,y,a,w,n,u,t,?,y,y,n,u,p,y,t,c,n,a,d,p
p,f,g,t,c,a,w,n,u,e,e,f,y,b,p,p,n,o,f,r,v,p,p
p,g,r,t,p,f,w,b,w,e,?,s,f,o,u,p,o,o,l,u,y,d,p
c,f,u,t,n,f,c,b,g,e,r,k,y,e,b,p,o,o,p,b,n,d,p
f,s,r,f,m,f,w,b,u,e,r,y,s,w,c,p,n,o,l,w,v,g,e
c,g,n,f,a,f,c,n,u,e,?,y,y,e,e,p,y,o,c,w,a,m,e
x,g,w,f,f,a,c,n,w,e,b,s,y,e,y,p,w,t,n,n,c,w,p
c,f,g,f,l,f,w,n,w,e,b,f,k,p,w,p,y,t,e,n,y,g,p
b,s,u,f,c,f,c,b,k,t,?,k,y,w,p,p,n,o,e,u,n,l,p
p,s,n,t,l,a,w,n,p,e,r,y,s,p,n,p,w,o,l,w,v,d,e
c,g,y,t,a,f,w,n,k,e,s,k,y,c,p,p,n,t,c,k,n,g,e
x,s,n,f,a,f,c,b,n,t,b,y,k,c,n,p,y,o,c,r,v,d,e
c,y,u,f,n,a,c,b,w,e,r,y,y,e,e,p,w,o,f,b,c,l,e
b,g,p,f,m,a,w,n,n,t,e,f,f,p,n,p,y,n,p,n,n,p,p
k,g,e,f,l,f,c,n,p,t,r,f,k,y,c,p,o,o,l,n,v,w,p
c,y,u,f,a,f,c,n,u,t,c,f,s,e,n,p,o,n,e,u,v,g,e
b,g,p,t,y,f,c,b,g,e,s,f,k,y,c,p,o,t,c,b,c,d,e
f,g,g,t,y,f,c,n,w,t,s,s,y,y,w,p,n,n,l,w,v,r,p
x,g,e,f,l,a,w,n,b,t,r,s,y,y,w,p,y,n,c,h,n,d,p
x,s,r,t,n,f,w,n,p,e,s,s,y,o,y,p,w,n,f,h,n,l,e
x,y,w,f,p,f,c,b,p,t,?,y,y,b,n,p,o,n,f,n,a,l,e
b,y,n,f,n,f,c,b,u,t,?,f,y,e,u,p,n,n,p,n,s,l,p
b,y,w,t,l,a,w,n,w,e,b,k,f,n,y,p,y,n,f,r,a,p,p
c,y,e,t,c,f,c,n,u,t,e,k,f,p,e,p,y,o,f,k,y,w,p
p,s,u,f,n,a,w,n,n,e,b,k,f,c,y,p,w,o,n,b,a,r,p
f,y,c,t,a,a,c,b,k,e,b,y,f,o,b,p,w,o,e,u,s,p,p
b,f,y,f,f,a,c,n,k,e,c,f,y,w,n,p,y,o,f,r,y,r,p
k,g,y,t,p,a,w,n,b,t,s,y,f,c,e,p,n,n,f,r,s,r,p
x,s,e,f,l,a,c,b,n,t,s,y,k,w,p,p,w,o,f,u,v,d,e
p,y,p,t,f,a,c,b,b,e,b,y,s,y,c,p,n,o,l,u,a,g,p
c,s,w,t,m,a,c,n,u,t,s,s,k,c,o,p,o,o,c,u,a,u,e
f,s,y,t,m,a,c,b,p,t,b,y,f,o,u,p,w,o,p,n,y,g,p
f,f,n,t,n,f,c,n,g,t,e,f,f,u,u,p,o,t,l,u,c,d,e
p,y,p,t,a,a,c,b,k,t,r,s,k,e,b,p,n,t,p,n,c,w,e
f,y,e,t,p,f,w,n,g,e,r,k,f,o,e,p,n,n,n,w,y,m,p
x,f,c,f,m,f,c,n,g,e,e,y,f,o,o,p,o,t,n,n,a,p,e
x,s,n,t,l,a,c,n,k,t,?,f,s,y,u,p,n,n,f,h,c,m,p
b,y,n,f,l,a,w,b,w,t,?,s,y,w,e,p,w,t,f,k,n,r,p
b,s,n,f,y,f,c,b,g,t,c,k,k,y,o,p,w,t,c,b,v,p,p
f,y,y,f,p,a,w,n,k,t,e,k,s,b,u,p,o,n,c,b,n,u,p
b,f,y,t,p,a,w,b,n,t,e,s,f,w,c,p,y,t,c,b,y,l,e
c,y,g,t,l,f,w,n,n,t,c,s,k,c,p,p,n,n,n,b,v,r,e
f,g,r,t,m,a,c,b,n,e,s,s,k,n,p,p,n,n,f,b,n,g,p
k,f,p,t,a,a,c,b,p,t,e,y,k,e,y,p,o,t,n,r,a,u,p
p,y,n,t,c,a,w,n,w,e,r,s,s,e,c,p,y,t,n,w,v,r,e
f,g,w,t,a,a,c,n,k,e,s,k,f,p,u,p,y,n,c,w,s,g,e
p,s,w,t,f,a,c,b,g,e,c,y,f,y,e,p,n,t,e,k,s,p,p
k,g,w,f,c,f,c,b,p,e,s,s,k,u,c,p,n,n,f,u,n,w,e
k,g,p,t,f,a,c,n,n,e,?,k,s,b,u,p,y,n,p,n,y,d,p
p,f,y,f,p,f,w,n,w,t,e,f,k,u,u,p,y,o,c,b,c,l,e
b,y,y,f,n,a,w,b,b,e,b,k,k,y,n,p,o,n,e,b,s,w,e
c,g,g,f,a,a,w,n,b,t,?,y,y,u,p,p,w,o,l,r,s,w,e
x,y,p,f,p,a,w,b,w,e,c,f,s,e,n,p,n,t,e,r,a,d,p
b,y,w,f,n,f,c,b,k,e,b,f,s,u,w,p,o,n,l,r,n,u,e
p,y,w,t,a,a,w,n,n,t,e,s,k,p,b,p,o,t,e,u,a,l,e
p,s,n,t,y,a,w,b,g,e,e,k,y,n,p,p,o,o,e,b,c,m,p
b,f,r,f,p,f,c,n,n,e,?,k,y,e,e,p,o,n,l,r,v,r,p
f,f,w,t,p,a,w,b,n,e,c,y,k,u,n,p,o,o,f,b,n,p,p
f,g,e,t,c,a,w,n,n,t,?,f,s,o,n,p,o,n,f,n,y,r,p
x,f,n,f,m,f,c,n,w,t,r,f,s,o,o,p,o,o,n,w,c,d,e
x,y,r,f,y,a,c,b,w,t,c,y,k,b,c,p,o,t,c,h,v,m,p
b,s,g,f,p,f,w,n,p,t,c,y,f,e,e,p,n,t,l,n,a,d,p
b,s,e,f,f,a,c,b,p,e,b,k,f,e,e,p,y,t,l,n,s,g,p
f,y,u,f,p,f,c,b,k,e,?,s,f,c,n,p,w,n,c,n,n,g,p
f,s,r,t,n,f,c,n,k,t,b,y,s,b,b,p,o,o,l,n,y,m,p
c,s,g,t,y,f,w,n,k,t,s,f,k,w,y,p,w,n,c,n,v,d,p
p,g,y,t,y,a,c,b,u,t,s,f,k,o,e,p,w,o,p,w,y,l,p
k,y,n,f,y,f,w,b,n,t,c,k,k,b,p,p,w,t,n,n,s,w,e
b,f,c,f,c,a,c,b,b,t,b,s,s,n,e,p,w,n,f,u,s,m,p
c,g,g,t,a,a,c,n,n,e,c,k,k,o,n,p,y,o,l,b,y,p,e
c,y,u,t,c,f,c,n,b,e,?,k,y,o,b,p,o,t,e,h,n,r,p
f,y,y,f,y,a,w,n,u,e,?,f,f,y,o,p,o,n,f,n,n,m,p
f,g,b,f,a,f,c,n,b,e,e,y,f,n,w,p,o,n,p,k,v,l,p
x,g,b,f,n,f,w,b,p,t,r,k,s,n,y,p,n,n,l,b,c,d,e
b,g,g,f,a,f,w,b,b,t,e,s,k,c,n,p,y,n,c,r,s,m,e
b,f,r,f,n,f,w,n,n,t,c,s,s,p,b,p,w,o,n,h,n,g,p
x,s,u,f,a,a,c,b,w,e,s,y,y,w,y,p,w,t,n,n,s,r,e
b,s,w,f,m,f,w,b,w,t,b,y,k,e,w,p,o,n,l,n,y,m,e
k,f,r,f,c,f,w,b,g,t,?,f,s,b,b,p,o,o,c,k,s,w,e
c,y,p,t,c,a,c,n,w,t,?,s,s,o,b,p,o,t,p,r,y,m,p
p,s,y,f,f,a,w,n,g,e,r,s,f,w,u,p,w,t,e,w,v,u,p
x,f,w,f,m,a,w,b,p,t,b,f,s,p,c,p,o,o,n,k,v,p,p
c,y,r,t,p,a,c,n,p,e,c,s,f,y,c,p,y,n,p,r,v,l,p
f,f,c,f,n,f,w,b,b,t,e,y,f,b,y,p,y,n,l,h,c,g,e
x,f,c,t,c,a,c,n,p,e,s,k,s,n,b,p,w,o,l,n,s,g,e
k,s,b,f,n,f,c,b,g,e,b,k,s,o,c,p,y,n,e,w,v,w,e
f,s,r,f,n,f,w,n,k,e,s,k,y,c,o,p,n,n,l,b,a,m,e
p,f,e,f,n,f,c,n,b,t,s,f,k,c,n,p,n,o,n,k,n,r,p
f,g,c,t,f,a,c,n,p,t,e,s,y,n,w,p,w,o,l,h,c,w,e
x,f,g,t,p,f,w,n,g,t,b,y,s,b,y,p,w,t,l,u,y,w,p
k,g,c,f,f,f,c,n,k,t,c,f,s,e,u,p,w,n,c,u,v,l,p
p,f,b,t,c,a,c,n,p,t,?,f,y,o,e,p,o,t,c,w,a,p,p
c,f,c,f,m,f,w,b,b,t,b,k,k,b,y,p,o,o,e,n,a,u,e
x,f,g,f,c,a,c,n,g,e,c,s,y,p,p,p,o,o,l,r,a,m,p
p,y,c,t,f,a,w,b,n,e,c,y,s,y,o,p,o,t,f,u,v,r,e
c,g,b,t,y,a,w,n,p,e,b,f,s,y,p,p,o,o,c,w,v,p,e
p,f,c,f,n,f,w,n,k,e,s,f,f,p,o,p,n,n,e,r,n,p,p
c,f,p,f,f,f,c,n,g,t,?,y,k,w,n,p,o,n,f,r,n,u,e
x,s,g,f,f,f,c,b,u,t,b,y,k,o,p,p,y,t,l,k,c,d,e
x,s,r,t,p,f,w,n,u,e,r,y,s,p,n,p,y,n,e,k,c,r,p
f,s,y,f,f,f,w,n,b,t,b,s,f,c,y,p,w,o,p,h,y,r,p
b,s,w,f,l,f,c,b,p,t,e,f,s,p,b,p,y,o,f,n,a,l,p
b,g,n,t,n,f,w,b,k,e,?,s,k,p,b,p,w,o,l,r,c,d,p
p,s,r,t,l,f,c,n,w,t,r,k,y,p,c,p,n,n,p,u,n,p,p
x,f,e,t,n,a,c,n,k,e,s,s,k,y,n,p,n,n,f,b,n,l,e
k,g,b,t,f,a,w,b,n,e,e,s,f,o,u,p,y,t,l,k,v,d,p
f,s,g,t,f,a,w,b,p,t,b,k,s,e,e,p,w,n,e,n,y,r,e
p,y,c,f,l,f,w,n,k,t,e,f,s,w,p,p,y,o,f,r,n,r,e
k,f,e,f,y,a,c,b,k,e,?,y,y,n,u,p,w,n,p,b,s,w,e
c,f,u,f,f,f,c,b,n,e,?,f,s,b,e,p,o,n,p,r,v,w,p
x,g,g,f,c,a,c,b,b,e,e,f,k,b,e,p,n,n,p,r,v,m,p
b,s,e,f,p,f,w,b,w,e,?,f,f,n,n,p,y,o,l,h,a,g,p
x,s,p,t,f,a,w,b,g,t,s,k,y,n,y,p,w,t,c,r,s,l,p
c,s,n,f,p,a,c,n,n,e,?,k,k,e,p,p,y,o,n,b,s,w,p
k,g,y,f,f,a,w,b,n,e,e,s,y,y,e,p,y,t,n,b,s,d,e
k,f,u,t,y,f,w,n,g,e,b,f,y,o,b,p,y,t,c,n,v,u,e
f,f,r,f,l,f,c,n,k,e,e,k,f,c,n,p,o,n,f,n,s,p,e
k,y,w,f,l,f,w,n,n,t,?,y,f,e,p,p,n,n,e,r,y,m,p
k,y,g,f,f,f,w,b,n,e,c,y,f,y,w,p,o,n,p,k,c,w,p
b,f,y,t,c,f,c,n,u,t,e,f,k,n,y,p,o,n,p,u,s,r,p
f,g,w,t,n,f,w,n,n,e,r,y,f,n,u,p,o,o,c,k,a,m,p
c,f,n,f,f,a,w,b,n,e,b,f,k,e,y,p,w,o,p,u,s,u,e
x,y,y,t,y,a,w,b,b,t,r,k,y,o,n,p,n,n,n,k,c,d,e
c,s,b,f,m,a,c,n,b,e,?,s,s,e,o,p,y,t,n,r,v,m,e
k,f,w,t,l,a,w,n,u,e,e,k,y,c,p,p,y,t,c,r,s,u,e
k,f,y,f,c,f,w,b,k,t,b,s,f,p,e,p,o,o,l,h,s,m,e
f,g,u,f,m,a,w,b,n,t,?,s,k,n,y,p,w,t,f,h,v,d,p
c,y,b,t,a,a,c,n,g,e,s,f,y,p,w,p,y,t,e,w,s,p,p
k,y,b,t,l,a,c,n,b,e,s,f,y,p,n,p,y,o,p,u,y,g,e
k,s,c,f,f,a,w,b,n,e,r,y,k,b,p,p,y,n,n,h,v,r,p
f,y,w,f,n,a,c,n,p,t,s,f,k,y,y,p,y,t,p,u,n,r,e
x,f,n,f,n,a,w,b,b,e,c,k,s,e,u,p,o,n,e,u,y,w,p
p,g,n,t,p,f,c,n,b,e,?,k,s,n,y,p,w,n,f,n,a,m,e
c,s,w,f,f,f,w,n,n,e,b,f,k,n,u,p,o,n,n,b,a,l,e
f,y,u,t,a,f,c,n,g,t,b,y,s,y,u,p,n,o,n,k,y,w,e
p,s,e,t,l,f,c,b,p,t,e,k,k,c,c,p,w,o,l,r,a,l,e
p,y,g,f,f,f,w,b,k,e,r,k,s,c,p,p,o,o,e,h,v,d,e
x,f,r,t,p,a,w,n,w,e,c,y,k,b,c,p,w,o,e,w,y,m,e
f,g,e,f,l,a,w,n,g,t,c,k,s,e,b,p,n,t,l,r,s,w,e
p,g,g,f,p,f,w,n,k,t,c,f,y,b,n,p,o,n,c,w,v,l,e
c,g,u,t,p,a,c,n,p,e,?,f,s,b,b,p,n,t,f,n,c,r,e
k,s,p,t,p,a,c,n,u,t,b,k,f,b,c,p,n,o,c,k,c,r,p
p,g,c,f,a,f,w,n,b,e,b,f,k,p,b,p,y,t,p,w,c,d,p
p,y,b,t,l,a,w,n,u,t,b,f,f,o,u,p,o,o,p,b,n,u,p
c,y,n,t,l,f,c,n,k,t,c,k,s,c,y,p,w,t,p,n,a,w,p
k,y,g,f,m,f,c,b,k,t,b,s,s,w,o,p,w,t,l,b,v,m,p
x,s,g,t,a,f,w,b,k,t,c,y,y,u,e,p,w,o,l,r,y,d,e
p,y,g,t,l,a,c,b,b,e,e,f,k,o,y,p,n,t,n,b,n,g,p
x,f,u,t,f,f,w,b,w,t,b,f,f,w,n,p,o,n,e,w,a,d,e
f,g,w,t,c,a,w,b,g,e,s,s,f,p,u,p,n,n,l,h,s,d,p
f,y,b,f,c,a,w,n,k,t,s,k,y,b,p,p,y,n,f,u,a,l,p
c,s,b,t,l,f,c,n,b,t,s,f,k,w,n,p,y,n,p,h,n,w,p
k,y,u,t,n,f,w,n,k,t,b,s,s,u,u,p,y,o,n,k,y,r,p
f,g,g,t,f,a,w,n,k,e,e,k,k,e,y,p,w,o,e,k,s,p,e
p,g,n,f,l,a,c,n,g,e,?,y,k,o,e,p,n,t,p,u,y,g,p
k,s,y,t,l,a,w,b,n,e,c,y,f,p,o,p,n,n,f,r,a,w,p
p,s,p,t,a,a,w,b,u,t,e,s,y,n,c,p,y,o,f,b,v,u,p
k,g,w,t,y,a,c,n,g,e,b,k,k,b,n,p,y,t,n,k,n,w,p
c,f,e,t,n,f,c,b,n,e,?,s,k,y,o,p,w,t,l,k,v,m,p
b,s,n,t,f,f,c,b,u,t,r,f,s,p,n,p,n,n,l,r,n,w,p
c,s,r,t,l,a,c,n,g,t,b,k,y,y,c,p,o,t,c,u,a,l,p
b,f,c,t,l,a,c,n,u,e,?,k,k,e,y,p,y,o,e,w,y,u,p
b,f,e,t,y,f,c,b,g,t,e,k,k,b,n,p,w,t,c,r,n,m,e
x,g,r,f,m,a,w,b,u,t,s,y,s,u,b,p,w,o,l,u,y,d,p
f,y,p,f,y,a,c,b,p,e,?,y,f,u,p,p,o,n,c,h,c,m,p
b,s,r,t,n,a,c,n,g,e,s,y,f,n,u,p,n,t,e,b,c,m,e
x,s,p,t,n,a,c,b,p,e,r,f,s,w,o,p,w,t,f,b,n,p,p
f,s,u,f,y,a,w,n,p,e,?,f,k,e,c,p,n,o,c,r,a,u,e
b,y,p,t,a,a,c,n,p,t,e,y,s,c,n,p,n,n,l,b,s,m,e
c,f,g,t,a,a,w,n,w,t,r,s,s,e,u,p,y,o,p,n,y,l,e
f,s,n,f,f,f,c,n,b,t,c,k,s,e,w,p,o,n,n,h,y,p,p
c,y,n,t,m,a,c,n,u,e,s,k,k,b,u,p,n,n,c,r,n,u,e
f,g,c,f,c,a,w,n,w,t,e,s,k,u,o,p,y,n,c,u,a,g,p
p,g,b,t,y,a,c,n,g,e,b,k,k,n,p,p,w,n,c,k,n,r,p
x,s,p,t,a,a,c,n,w,t,r,f,f,e,u,p,o,n,f,u,a,m,p
c,g,n,t,c,a,w,b,k,e,c,f,k,p,b,p,n,o,f,k,v,r,e
p,g,e,f,m,f,c,b,p,t,s,f,f,o,b,p,o,t,l,r,n,p,p
b,s,u,t,n,f,c,b,w,t,?,y,y,y,e,p,y,t,c,u,s,m,p
c,s,p,t,p,f,c,b,p,e,s,s,k,w,w,p,n,n,c,b,y,r,e
b,y,r,t,f,a,c,b,g,e,r,k,s,p,b,p,y,o,c,r,n,l,p
x,g,u,f,f,a,c,b,g,e,c,y,s,o,e,p,o,t,c,k,v,m,p
p,g,g,t,y,a,c,b,n,e,b,y,y,u,c,p,w,o,p,w,y,r,e
c,s,w,t,n,a,w,b,k,e,r,y,k,y,n,p,w,n,l,n,s,r,p
c,y,r,t,m,a,c,b,n,e,b,f,k,y,y,p,n,o,p,h,s,p,e
c,g,e,f,p,f,w,b,u,t,e,f,y,c,c,p,y,n,n,h,a,g,p
p,s,y,f,m,f,w,n,w,e,s,s,k,b,c,p,w,t,f,u,n,u,p
c,g,n,t,c,f,w,n,b,e,b,k,f,b,y,p,o,o,n,b,s,d,e
f,s,e,t,a,a,c,n,b,e,e,k,k,y,n,p,y,o,f,u,a,l,e
b,f,b,t,a,a,c,n,u,e,b,k,y,b,u,p,w,o,p,h,c,r,p
k,g,r,t,p,a,w,n,p,e,r,k,y,n,n,p,w,n,f,b,s,r,p
c,g,g,t,p,f,w,n,k,e,c,y,k,y,n,p,o,o,n,h,a,m,p
k,f,y,f,p,f,c,n,w,e,e,k,y,p,o,p,n,o,f,w,c,d,e
b,f,c,t,y,a,c,n,g,t,r,y,f,c,u,p,w,t,l,w,s,m,e
c,f,c,f,l,a,w,b,p,e,e,f,y,y,b,p,w,t,l,r,c,m,e
c,g,u,f,c,f,c,n,g,t,c,y,k,b,p,p,o,n,f,r,c,l,e
k,y,y,f,n,a,w,n,w,e,s,y,f,b,u,p,w,o,f,u,v,m,p
b,g,b,t,f,f,c,n,u,t,e,y,f,e,y,p,n,o,l,r,y,d,p
k,y,b,f,a,a,c,n,p,e,r,k,k,o,e,p,w,n,f,n,v,m,e
f,s,b,t,n,f,c,n,b,t,c,y,f,e,y,p,w,o,p,n,s,l,e
b,y,e,t,y,a,c,n,k,t,s,k,y,e,u,p,y,t,e,k,c,l,p
f,g,r,t,f,a,c,b,g,e,c,k,s,y,c,p,o,o,c,r,n,p,p
p,s,p,f,n,f,c,n,p,e,r,f,f,b,c,p,y,t,e,b,y,m,p
f,f,n,t,a,f,w,b,p,t,?,s,y,n,b,p,o,t,e,h,c,r,p
c,f,g,f,p,f,c,n,k,e,e,y,s,c,b,p,n,o,e,w,c,l,p
x,y,r,t,m,a,w,b,k,t,c,s,y,b,w,p,w,n,n,k,n,p,p
x,g,u,t,a,a,c,n,n,e,b,y,y,b,b,p,w,o,c,b,v,u,p
f,y,u,t,c,a,c,n,p,t,?,y,f,e,u,p,y,o,l,h,a,d,p
b,f,e,f,n,a,w,n,k,e,b,k,s,n,y,p,y,t,e,k,a,r,p
k,g,u,t,l,f,w,n,p,e,b,k,f,p,n,p,n,n,f,w,v,r,p
p,f,c,t,a,a,w,n,w,e,s,f,k,u,n,p,y,o,l,r,s,l,p
b,g,y,t,m,a,c,n,k,t,c,k,s,b,w,p,w,t,n,b,v,r,p
c,g,b,t,y,f,w,n,b,e,e,k,s,c,y,p,n,t,f,n,c,d,p
b,f,p,t,c,a,w,n,w,e,c,s,f,o,u,p,y,o,n,h,s,l,p
f,f,g,f,a,a,w,b,p,t,b,k,s,c,o,p,n,n,l,u,s,g,e
x,f,b,t,f,f,w,n,n,e,?,s,y,u,y,p,o,o,p,w,n,r,e
c,g,r,t,a,a,w,n,k,e,c,s,y,p,e,p,o,o,e,k,c,r,p
f,g,p,t,a,a,w,n,n,e,c,s,s,u,y,p,w,o,p,w,n,u,e
b,s,b,f,c,f,c,n,b,e,s,f,s,o,p,p,y,n,n,h,y,d,p
p,s,n,t,n,a,c,n,n,e,?,f,y,u,p,p,y,o,p,n,n,g,e
c,y,w,f,y,a,c,b,p,t,e,k,y,e,e,p,w,t,n,w,a,g,p
f,g,c,f,l,f,c,n,p,t,e,y,f,w,c,p,n,n,l,b,c,u,e
c,g,p,f,c,a,c,n,g,e,r,y,k,c,b,p,n,t,l,b,v,r,p
x,g,y,t,c,f,c,b,g,t,r,f,y,u,e,p,y,t,n,r,c,u,p
b,y,r,f,l,a,c,b,b,t,e,k,k,o,n,p,w,t,f,r,y,m,p
p,s,p,t,m,a,c,n,u,e,b,f,f,n,p,p,n,o,l,u,a,g,p
k,s,p,t,p,a,w,b,n,e,b,k,y,n,n,p,o,t,l,h,s,r,p
p,y,n,t,n,f,c,n,w,e,r,y,f,b,b,p,o,o,f,h,s,d,p
f,g,r,t,f,f,c,n,u,t,?,f,k,w,e,p,y,n,n,b,n,m,e
f,f,b,t,m,f,c,n,k,t,?,s,f,o,p,p,w,t,f,u,n,r,p
p,f,r,t,n,a,c,b,g,e,b,y,y,y,y,p,o,n,c,u,a,m,e
x,y,b,t,n,f,c,b,b,t,c,s,s,y,w,p,y,o,l,h,a,p,p
c,g,n,f,l,f,c,b,p,t,c,s,y,y,n,p,w,n,l,u,s,w,p
b,y,u,f,y,a,c,b,k,e,e,y,f,u,c,p,w,t,f,u,n,m,p
x,s,r,t,a,f,w,n,k,t,b,y,s,b,e,p,w,o,f,h,a,w,e
c,y,u,f,m,f,w,n,k,t,b,f,f,p,n,p,o,n,f,n,c,l,p
x,f,e,t,n,f,c,n,b,t,c,y,k,o,u,p,w,o,f,n,a,g,p
f,g,u,f,y,a,c,n,p,e,b,k,f,o,u,p,w,t,f,b,n,l,e
p,y,g,t,y,a,c,n,b,e,b,y,y,e,e,p,o,n,f,u,a,d,e
c,g,r,f,l,f,w,n,u,e,c,f,s,u,n,p,n,t,f,w,n,m,p
b,f,b,t,m,a,w,b,n,t,s,f,s,u,c,p,n,n,p,r,c,g,e
p,g,r,f,f,a,c,n,u,t,?,f,s,c,p,p,w,o,l,r,n,p,p
f,g,w,t,n,a,w,b,w,e,?,k,s,c,o,p,y,n,f,u,v,r,p
b,s,g,t,n,a,c,b,u,t,b,s,y,u,p,p,n,o,e,u,s,w,e
k,g,c,t,p,a,c,b,k,e,r,f,s,c,b,p,w,o,e,h,c,g,e
p,s,c,f,p,f,c,b,p,t,?,s,s,o,o,p,n,n,l,n,n,u,p
b,f,c,t,l,f,c,n,w,e,s,s,f,c,y,p,o,o,f,r,n,u,p
f,f,c,f,n,f,w,b,n,e,c,k,y,o,p,p,n,t,l,u,y,g,p
k,y,y,t,f,f,w,b,n,t,r,s,k,c,n,p,w,t,n,w,n,u,p
f,f,b,t,l,f,w,b,k,e,r,k,s,y,p,p,y,n,e,r,n,d,p
f,g,y,t,c,f,w,b,w,t,c,s,s,e,y,p,o,n,e,w,v,w,p
x,f,u,f,p,f,c,n,n,e,?,f,s,y,o,p,y,t,f,h,v,r,p
k,f,y,t,c,a,w,b,u,t,e,k,f,p,u,p,w,n,f,k,n,m,p
x,s,u,t,p,a,w,n,u,t,b,y,k,c,u,p,w,n,l,h,v,d,e
p,y,w,f,n,a,w,n,k,t,e,f,y,o,y,p,n,t,l,h,y,r,p
p,g,r,f,y,f,c,b,k,t,r,s,s,y,w,p,o,o,l,k,v,w,p
f,f,e,t,m,a,w,b,w,e,s,s,y,u,w,p,o,t,l,b,y,d,p
x,s,g,f,p,f,c,n,u,e,?,y,s,c,c,p,n,o,n,r,c,w,e
x,g,g,f,y,a,c,b,n,t,r,f,k,p,e,p,n,n,c,r,v,p,p
f,f,u,t,y,f,w,n,k,t,s,y,s,e,w,p,y,n,l,r,c,r,e
f,g,g,f,c,a,c,n,k,t,?,y,f,b,b,p,n,o,p,w,v,r,e
f,f,g,f,l,f,w,n,p,t,r,y,s,p,y,p,w,t,e,k,y,u,p
c,s,b,t,n,f,w,n,p,t,b,f,f,u,o,p,o,o,f,b,n,d,p
x,s,u,f,p,a,c,n,u,e,c,s,y,p,w,p,n,n,n,u,v,u,e
x,s,n,f,a,f,w,n,k,e,c,k,s,u,o,p,y,n,f,k,c,g,e
x,y,w,t,c,a,c,n,u,e,c,f,s,u,b,p,n,o,c,b,a,w,e
x,f,u,f,l,f,c,b,u,e,s,k,f,e,p,p,n,n,l,k,y,g,p
p,s,r,t,l,a,c,n,k,e,s,y,s,c,c,p,n,o,n,u,y,m,e
x,g,r,f,y,f,c,n,w,e,c,k,k,e,u,p,y,o,f,k,v,r,e
f,f,e,t,p,f,c,b,b,t,?,s,y,u,p,p,o,o,e,n,s,p,p
b,g,u,t,n,f,c,b,u,t,c,k,y,n,e,p,o,o,c,n,a,d,e
c,f,p,f,m,f,w,b,k,t,b,s,y,u,y,p,o,n,e,k,c,m,e
p,s,r,f,y,f,w,n,n,e,c,k,s,c,y,p,y,n,f,h,s,g,e
k,y,e,f,m,a,c,b,u,e,?,s,f,e,p,p,n,t,n,r,n,g,p
c,f,g,t,a,f,w,b,g,t,b,f,s,c,p,p,o,t,c,r,y,u,e
k,g,y,f,a,a,w,n,p,t,s,k,s,u,u,p,n,n,f,w,v,u,p
k,s,u,t,p,a,c,n,u,e,c,s,s,w,b,p,w,o,f,n,s,l,e
c,y,r,t,f,a,c,b,g,e,s,s,k,p,u,p,n,o,n,b,a,u,e
c,g,u,f,f,a,c,n,b,t,r,k,y,u,n,p,n,t,l,n,a,r,e
k,f,e,t,n,f,c,n,p,t,?,y,f,o,n,p,w,n,e,r,v,w,e
k,f,r,t,m,f,w,n,u,e,?,y,s,n,b,p,y,n,p,h,c,w,p
c,f,p,t,l,a,c,b,b,e,s,y,s,c,b,p,w,n,p,k,c,u,e
x,y,g,f,l,a,w,b,b,e,c,s,k,w,e,p,y,t,f,r,n,r,p
k,s,b,t,y,f,c,n,w,e,e,y,s,o,u,p,n,o,l,k,c,l,p
f,s,n,t,n,a,w,b,w,e,e,y,s,b,n,p,o,o,c,u,s,p,p
k,g,b,t,p,a,c,n,n,t,r,k,f,c,e,p,w,o,c,b,y,g,p
x,f,y,f,a,f,w,n,b,e,c,k,k,b,o,p,n,o,e,n,a,p,e
k,s,u,t,y,f,c,b,p,t,e,s,s,e,y,p,o,t,f,k,c,g,p
b,y,p,f,m,a,c,b,b,e,c,s,s,n,o,p,w,o,n,n,s,d,e
c,g,n,f,m,f,w,n,k,e,r,s,f,y,o,p,n,t,p,n,c,r,e
x,f,y,f,p,a,c,n,u,t,s,y,k,c,n,p,y,n,n,u,s,p,e
p,g,n,f,a,f,c,n,g,e,?,s,k,b,o,p,y,n,c,b,y,u,e
c,f,e,f,m,f,w,b,b,t,?,f,y,o,n,p,n,t,l,n,n,r,e
x,s,b,f,y,f,w,b,b,e,s,y,y,n,o,p,y,o,n,k,s,r,e
c,y,p,t,p,f,w,n,p,t,b,y,k,o,w,p,w,t,p,h,s,l,p
x,f,n,f,m,f,w,n,w,t,s,k,y,e,y,p,n,t,p,n,c,w,e
c,s,n,t,l,a,w,b,n,t,c,y,f,y,w,p,o,n,p,k,s,u,p
b,s,p,t,p,f,c,n,k,t,e,f,y,b,w,p,o,n,e,u,v,w,e
x,f,p,f,p,a,w,b,n,t,c,f,s,b,n,p,n,o,c,h,y,g,p
b,f,n,t,y,f,w,b,g,t,c,k,y,u,y,p,n,o,p,k,y,r,e
p,f,c,t,c,f,c,b,n,e,e,y,y,n,b,p,o,t,f,h,c,p,p
p,s,p,t,c,a,w,n,n,e,b,s,s,u,p,p,y,n,p,w,v,d,p
c,g,b,t,a,a,w,n,p,e,c,s,s,y,e,p,y,n,p,n,n,u,p
f,y,w,t,l,a,c,b,b,e,r,f,k,w,p,p,y,t,l,b,y,p,e
c,g,r,t,m,a,w,b,n,t,c,f,s,n,e,p,w,o,c,b,s,r,p
c,f,e,t,n,a,w,b,k,t,e,k,y,u,p,p,y,o,n,r,n,r,e
b,y,w,t,n,f,w,n,p,e,r,k,y,y,o,p,n,t,l,h,v,p,p
f,y,w,t,l,f,c,b,p,t,e,s,s,e,w,p,n,o,e,r,c,w,e
b,f,g,t,m,a,c,n,b,t,r,f,s,w,y,p,o,o,f,k,s,m,e
p,f,c,f,n,f,w,n,k,e,?,k,f,w,w,p,y,t,f,r,v,u,p
p,f,c,t,c,f,w,b,n,e,r,f,y,p,o,p,n,o,f,k,n,w,p
k,s,w,t,y,f,c,b,w,e,e,k,y,w,u,p,n,n,f,n,s,g,p
b,s,y,t,y,f,c,n,n,e,e,f,y,p,c,p,y,n,l,r,v,w,e
f,f,b,t,a,a,w,b,p,t,r,f,k,w,p,p,y,t,l,b,y,p,e
b,f,c,f,a,f,w,n,n,e,b,f,y,n,c,p,w,o,l,k,c,r,e
k,f,b,t,p,f,c,b,w,t,b,k,y,y,b,p,o,n,c,u,v,p,p
k,y,w,f,f,f,c,b,n,e,?,k,s,e,n,p,n,n,c,b,s,w,p
b,f,n,t,m,f,w,b,n,e,?,s,k,w,o,p,y,n,l,k,v,w,e
c,s,n,t,a,a,w,n,u,t,r,k,s,b,u,p,n,o,n,r,v,g,p
p,s,y,t,c,f,w,b,u,t,r,y,y,c,b,p,o,o,c,n,a,u,e
x,s,g,f,n,f,w,b,w,t,s,f,y,p,y,p,n,t,n,w,c,w,p
b,y,u,t,f,a,w,n,p,t,?,k,k,c,o,p,n,n,f,k,a,r,p
f,g,c,t,m,f,w,n,g,t,r,s,s,u,n,p,y,t,p,r,c,p,e
x,y,w,f,c,a,w,n,u,t,s,s,k,w,w,p,w,t,f,k,y,d,p
x,g,e,f,l,f,w,b,g,t,r,s,y,w,w,p,n,o,e,w,n,g,e
k,y,g,f,c,a,w,n,p,t,e,f,k,b,e,p,o,o,f,w,c,p,e
p,g,w,f,n,a,w,b,g,e,e,s,s,e,p,p,y,o,f,n,c,g,p
b,s,c,f,m,f,w,b,u,e,s,y,f,o,u,p,o,t,n,r,s,d,p
p,f,g,t,m,f,w,b,u,e,e,s,y,y,w,p,y,o,p,u,n,r,p
b,f,c,f,c,f,w,n,p,e,e,k,f,e,u,p,o,t,c,b,n,g,e
b,f,c,t,m,a,c,b,u,e,s,f,f,w,e,p,w,o,f,n,v,w,e
p,s,e,t,c,f,c,b,p,t,?,f,y,p,b,p,n,t,l,u,y,r,e
f,g,e,t,a,a,w,n,u,e,b,k,f,y,p,p,y,t,p,u,s,u,p
k,g,p,t,f,f,c,n,p,t,r,s,y,y,y,p,y,t,n,b,n,g,p
p,f,p,f,y,a,w,n,n,e,?,s,s,b,p,p,o,n,e,b,n,r,e
b,s,y,f,l,f,c,n,g,t,b,y,y,o,u,p,n,n,p,k,v,g,e
c,y,b,t,p,a,c,n,g,t,s,y,f,n,c,p,n,o,c,w,v,r,e
k,f,w,f,l,a,w,n,p,t,s,s,s,o,b,p,n,t,e,h,a,p,e
p,y,n,t,l,a,c,n,n,e,r,f,k,u,y,p,y,o,n,b,c,p,e
k,f,w,f,l,f,c,n,b,e,?,s,f,p,c,p,w,n,c,k,c,d,p
f,s,r,f,c,a,c,n,k,t,r,f,f,w,w,p,n,t,f,r,v,p,p
k,f,e,t,p,f,c,b,n,t,e,y,s,b,e,p,o,o,f,b,c,w,e
b,f,b,t,f,a,w,n,u,e,s,f,y,n,b,p,w,n,e,h,a,g,p
c,g,g,f,a,f,w,b,b,e,r,k,f,e,w,p,y,n,f,r,a,d,e
k,y,y,t,p,a,w,n,n,e,b,k,k,u,e,p,y,t,e,w,a,g,e
f,g,w,f,n,f,w,n,p,e,?,k,s,c,p,p,n,n,e,r,n,p,e
k,s,e,f,p,a,c,n,g,e,e,k,s,c,u,p,n,t,e,r,s,m,p
b,y,b,f,p,f,w,n,k,t,e,s,s,n,w,p,w,t,c,u,c,p,e
x,f,p,f,y,f,w,b,g,e,?,f,s,p,w,p,y,t,e,u,v,l,e
p,g,e,t,l,a,c,n,g,t,s,k,k,u,p,p,y,n,e,w,a,p,e
c,g,b,t,a,f,c,n,k,e,c,k,s,y,w,p,w,t,c,b,y,u,p
c,s,b,f,a,f,c,b,u,t,c,y,k,w,w,p,o,o,e,u,y,r,p
c,g,u,f,p,a,c,n,b,t,b,s,f,e,o,p,w,t,e,r,n,d,p
x,y,u,f,l,f,w,n,u,t,c,f,f,p,b,p,w,o,p,k,n,p,p
x,g,c,t,n,f,c,b,u,e,c,k,s,b,p,p,o,n,f,w,v,p,e
p,s,g,f,f,a,c,n,w,t,e,y,y,n,y,p,o,o,c,b,v,r,p
b,g,u,t,y,f,w,n,w,t,?,y,k,e,b,p,n,t,p,r,n,g,p
k,f,n,f,a,f,w,b,p,t,b,f,y,y,e,p,o,t,c,b,y,r,p
x,s,c,t,p,f,w,n,b,e,?,f,s,p,p,p,w,o,f,h,s,l,e
f,g,u,f,l,f,w,n,u,e,?,f,s,u,o,p,n,t,l,w,n,r,p
x,s,b,t,p,a,w,b,w,t,s,y,y,e,e,p,w,t,f,k,c,r,p
k,s,u,f,y,f,c,n,k,t,e,f,s,b,u,p,y,t,f,n,c,p,p
f,y,w,f,c,a,c,b,p,e,c,k,k,c,p,p,w,n,c,r,n,u,p
p,f,e,t,y,a,c,b,u,t,r,y,y,w,n,p,w,o,l,k,c,r,e
k,g,p,t,a,a,w,n,b,t,s,k,f,b,w,p,n,o,c,n,y,w,p
b,y,w,t,l,a,w,b,w,t,e,s,y,n,n,p,n,t,n,b,n,w,p
k,s,u,f,y,f,w,n,u,t,?,k,s,c,y,p,y,o,n,w,a,w,e
x,f,r,t,n,f,c,n,p,t,c,k,s,e,b,p,n,o,f,u,v,d,p
c,y,e,f,c,f,c,n,g,t,r,y,s,o,n,p,w,n,p,h,c,p,p
f,y,y,t,f,f,c,n,g,t,?,s,s,o,b,p,y,n,p,r,v,w,e
k,s,r,f,m,f,w,b,b,t,b,s,f,y,y,p,n,o,c,k,s,l,e
f,y,p,t,m,a,c,b,u,t,c,k,s,w,o,p,n,o,f,b,s,l,p
c,g,e,t,n,a,w,b,g,t,?,y,k,c,c,p,o,n,c,w,c,w,p
k,y,b,t,m,a,c,n,u,t,?,s,y,b,n,p,w,t,p,b,s,d,p
f,y,p,t,n,f,w,b,u,e,e,k,k,p,o,p,w,n,e,u,y,u,e
x,f,b,f,l,f,w,b,w,e,b,s,f,o,y,p,o,o,e,k,a,l,e
f,s,p,f,y,f,c,n,p,t,c,y,y,o,y,p,y,o,n,h,c,m,e
p,g,n,f,l,f,c,b,g,e,c,y,k,p,u,p,o,n,c,r,c,l,e
b,f,u,t,f,a,c,b,b,e,r,k,f,u,o,p,n,n,f,h,y,w,e
x,f,w,f,m,a,w,n,g,e,r,s,f,n,o,p,y,t,f,h,s,d,e
x,s,p,f,n,f,w,b,u,e,b,s,k,u,n,p,y,t,l,u,y,u,p
x,g,e,t,n,a,w,n,k,e,e,f,y,b,c,p,w,o,c,n,y,m,e
b,f,n,t,a,a,c,n,g,t,c,f,y,n,w,p,n,n,e,u,y,l,e
p,f,c,f,y,f,w,b,k,t,e,k,y,o,w,p,y,t,f,u,y,u,p
b,y,b,t,a,a,c,b,n,t,b,y,y,b,o,p,o,o,p,r,a,m,e
p,g,g,t,a,a,w,b,n,e,b,f,k,o,y,p,n,o,e,n,v,u,e
k,g,c,f,c,f,w,n,p,t,e,k,k,c,e,p,o,o,f,r,n,r,e
b,s,e,t,c,f,c,b,p,t,?,s,s,c,b,p,o,o,l,h,y,w,p
b,y,u,t,n,a,c,b,u,e,b,y,f,c,y,p,o,o,l,r,y,u,e
f,g,b,t,f,a,w,n,k,e,e,y,s,o,e,p,n,n,l,u,a,u,p
c,s,c,f,a,a,w,b,b,t,r,f,f,n,w,p,n,o,f,r,c,l,e
x,y,u,t,a,f,c,n,b,e,s,f,s,n,c,p,n,t,l,n,c,g,p
c,s,y,t,m,a,w,b,u,e,s,f,k,o,c,p,o,o,l,b,y,w,p
k,s,g,t,a,f,w,n,b,e,e,y,s,b,c,p,w,o,c,k,c,p,e
x,s,e,t,n,a,c,b,p,e,e,k,f,e,p,p,n,o,f,n,y,l,e
p,f,b,f,p,a,w,n,p,e,e,f,y,w,w,p,w,n,f,w,y,l,e
k,s,b,t,l,f,w,n,p,t,c,k,s,b,e,p,n,o,p,k,s,g,e
p,f,g,t,c,f,w,n,b,t,b,f,f,c,b,p,o,t,l,w,a,d,e
x,g,y,f,y,f,c,n,k,e,c,s,k,o,o,p,o,t,c,n,c,l,e
x,f,y,t,n,f,c,n,b,e,?,s,f,b,c,p,y,o,f,u,a,r,e
x,s,b,f,a,f,w,b,g,t,s,f,k,e,o,p,y,n,l,h,a,r,e
p,y,e,t,n,f,c,n,n,e,?,y,f,u,p,p,n,t,f,u,c,r,p
k,f,y,f,y,f,w,b,p,e,?,f,y,p,e,p,w,n,e,n,v,m,e
f,f,p,f,m,f,w,n,k,t,b,y,y,b,p,p,y,n,e,h,v,u,p
p,y,c,f,c,a,w,b,g,e,c,y,s,w,o,p,y,n,c,n,a,p,e
c,y,e,t,f,a,c,n,p,e,b,k,y,n,w,p,w,n,e,h,a,u,e
c,g,n,f,l,f,c,b,w,t,e,k,y,e,o,p,w,n,c,w,v,g,e
c,y,y,t,a,a,w,n,p,e,s,y,s,o,c,p,o,n,f,b,v,u,p
f,y,c,f,n,f,c,n,u,e,c,f,s,o,u,p,y,n,n,r,y,l,e
x,g,w,f,f,f,c,b,k,e,?,s,k,w,n,p,n,n,l,k,a,d,e
